Time,Longitude,Latitude,Altitude,Roll (deg),Pitch (deg),Yaw (deg)
0.0,128.181881,37.968643,7002.8955192,0.0,-0.003,0.0
0.0167,128.181881,37.968688,7002.909540000001,0.0,-0.012,0.0
0.0334,128.181881,37.968733,7002.923256000001,0.0,-0.013,359.999
0.0501,128.181881,37.968778,7002.9363624,0.0,0.007,359.999
0.0668,128.181881,37.968823,7002.9497736,0.0,0.063,359.999
0.0834,128.181881,37.968868,7002.9634896,0.0,0.168,359.999
0.1002,128.181881,37.968913,7002.977815200001,0.0,0.33,359.999
0.1169,128.181881,37.968958,7002.993969600001,0.0,0.56,359.999
0.1336,128.181881,37.969003,7003.0119528,-0.001,0.863,359.999
0.1503,128.181881,37.969048,7003.032374400001,-0.001,1.242,359.999
0.1669,128.181881,37.969093,7003.055844,-0.001,1.684,359.999
0.1837,128.181881,37.969138,7003.0823616,-0.002,2.175,359.999
0.2004,128.181881,37.969183,7003.113146400001,-0.002,2.704,359.999
0.2171,128.181881,37.969228,7003.1478936,-0.003,3.252,359.999
0.2338,128.181881,37.969273,7003.1878224,-0.003,3.802,359.999
0.2505,128.181881,37.969318,7003.2329328000005,-0.004,4.338,359.999
0.2672,128.181881,37.969363,7003.283529599999,-0.004,4.844,359.999
0.2839,128.181881,37.969408,7003.3405272,-0.005,5.316,359.999
0.3006,128.181881,37.969453,7003.4039256,-0.005,5.757,359.999
0.3172,128.181881,37.969498,7003.4743344,-0.006,6.169,359.999
0.3339,128.181881,37.969543,7003.5523632,-0.007,6.554,359.999
0.3507,128.181881,37.969588,7003.638012,-0.008,6.916,359.999
0.3674,128.181881,37.969633,7003.7315856000005,-0.009,7.255,359.999
0.3841,128.181881,37.969678,7003.8333888,-0.01,7.574,359.999
0.4008,128.181881,37.969723,7003.9437264,-0.011,7.875,359.998
0.4175,128.181881,37.969768,7004.0629032,-0.012,8.159,359.998
0.4342,128.181881,37.969813,7004.1906144,-0.013,8.428,359.998
0.4509,128.181881,37.969858,7004.327774400001,-0.015,8.683,359.998
0.4676,128.181881,37.969903,7004.473773600001,-0.017,8.926,359.998
0.4843,128.181881,37.969948,7004.6292216,-0.018,9.158,359.998
0.501,128.181881,37.969993,7004.794423200001,-0.02,9.38,359.998
0.5176,128.181881,37.970038,7004.9687688,-0.022,9.592,359.997
0.5344,128.181881,37.970083,7005.1531728,-0.024,9.796,359.997
0.5511,128.181881,37.970128,7005.3470256,-0.027,9.993,359.997
0.5678,128.181881,37.970173,7005.5509368,-0.03,10.183,359.997
0.5845,128.181881,37.970218,7005.764601600001,-0.032,10.366,359.996
0.6012,128.181881,37.970263,7005.9886295999995,-0.036,10.545,359.996
0.6179,128.181881,37.970308,7006.222411200001,-0.039,10.718,359.996
0.6345,128.181881,37.970353,7006.466556,-0.043,10.887,359.995
0.6513,128.181881,37.970397,7006.720454400001,-0.047,11.052,359.995
0.6679,128.181881,37.970442,7006.9850208,-0.051,11.213,359.995
0.6847,128.181881,37.970487,7007.2596456,-0.056,11.371,359.994
0.7014,128.181881,37.970532,7007.5446336,-0.062,11.525,359.994
0.7181,128.181881,37.970577,7007.8399848,-0.068,11.678,359.993
0.7348,128.181881,37.970622,7008.1453944,-0.074,11.827,359.993
0.7514,128.181881,37.970667,7008.461472,-0.081,11.975,359.992
0.7682,128.181881,37.970712,7008.7879128,-0.089,12.12,359.991
0.7848,128.181881,37.970757,7009.1247168,-0.097,12.264,359.99
0.8016,128.181881,37.970801,7009.4721887999995,-0.106,12.406,359.989
0.8183,128.181881,37.970846,7009.830024000001,-0.116,12.547,359.988
0.835,128.181881,37.970891,7010.1982224,-0.127,12.687,359.987
0.8517,128.181881,37.970936,7010.5770888,-0.138,12.825,359.986
0.8684,128.181881,37.970981,7010.9663184,-0.151,12.962,359.985
0.8851,128.181881,37.971025,7011.366215999999,-0.165,13.099,359.984
0.9018,128.181881,37.97107,7011.7767816000005,-0.181,13.234,359.982
0.9185,128.181881,37.971115,7012.197710400001,-0.198,13.369,359.98
0.9352,128.181881,37.971159,7012.6293072,-0.216,13.503,359.978
0.9519,128.181881,37.971204,7013.071572,-0.236,13.636,359.976
0.9686,128.181881,37.971249,7013.524200000001,-0.258,13.769,359.974
0.9853,128.181881,37.971294,7013.987496000001,-0.282,13.902,359.972
1.002,128.181881,37.971338,7014.4617648,-0.308,14.034,359.969
1.0187,128.181881,37.971383,7014.946396800001,-0.336,14.165,359.966
1.0353,128.181881,37.971427,7015.4416968000005,-0.368,14.297,359.963
1.0521,128.181881,37.971472,7015.947664800001,-0.402,14.428,359.96
1.0688,128.181881,37.971517,7016.4643008,-0.439,14.559,359.956
1.0855,128.181881,37.971561,7016.9916048000005,-0.479,14.689,359.952
1.1022,128.181881,37.971606,7017.5295768000005,-0.524,14.82,359.947
1.1189,128.181881,37.97165,7018.0782168,-0.572,14.95,359.942
1.1356,128.181881,37.971695,7018.6378296,-0.625,15.081,359.937
1.1522,128.181881,37.971739,7019.208110400001,-0.683,15.211,359.931
1.169,128.181881,37.971784,7019.7890592,-0.746,15.341,359.924
1.1857,128.181881,37.971828,7020.3809808000005,-0.815,15.471,359.917
1.2024,128.181881,37.971873,7020.983570400001,-0.891,15.601,359.909
1.2191,128.181881,37.971917,7021.5971328000005,-0.973,15.731,359.901
1.2358,128.181881,37.971962,7022.221668,-1.064,15.862,359.891
1.2525,128.181881,37.972006,7022.8568712,-1.162,15.992,359.881
1.2691,128.181881,37.97205,7023.503352000001,-1.27,16.122,359.87
1.2859,128.181881,37.972095,7024.160500800001,-1.388,16.253,359.858
1.3026,128.181881,37.972139,7024.8286224,-1.517,16.383,359.844
1.3193,128.181881,37.972183,7025.5080216,-1.657,16.514,359.83
1.3359,128.181881,37.972228,7026.1986984,-1.811,16.645,359.814
1.3527,128.18188,37.972272,7026.900348,-1.98,16.776,359.796
1.3694,128.18188,37.972316,7027.613275199999,-2.164,16.907,359.777
1.386,128.18188,37.97236,7028.33748,-2.367,17.039,359.757
1.4028,128.18188,37.972405,7029.0732672,-2.588,17.171,359.736
1.4195,128.18188,37.972449,7029.820332,-2.832,17.303,359.713
1.4362,128.18188,37.972493,7030.5789792000005,-3.098,17.435,359.689
1.4528,128.18188,37.972537,7031.3492088,-3.39,17.568,359.663
1.4696,128.18188,37.972581,7032.1310207999995,-3.709,17.701,359.635
1.4863,128.18188,37.972625,7032.925024800001,-4.059,17.835,359.605
1.5029,128.18188,37.972669,7033.7309159999995,-4.441,17.969,359.573
1.5197,128.18188,37.972713,7034.5486944,-4.86,18.103,359.539
1.5364,128.18188,37.972757,7035.3789696,-5.318,18.238,359.502
1.5531,128.181879,37.972801,7036.2214368,-5.819,18.373,359.462
1.5697,128.181879,37.972845,7037.076400800001,-6.367,18.509,359.419
1.5865,128.181879,37.972889,7037.9444712,-6.966,18.645,359.372
1.6032,128.181879,37.972933,7038.825038400001,-7.621,18.781,359.321
1.6198,128.181879,37.972976,7039.7190168,-8.337,18.918,359.267
1.6366,128.181878,37.97302,7040.626406400001,-9.12,19.056,359.207
1.6533,128.181878,37.973064,7041.5465976000005,-9.969,19.194,359.143
1.67,128.181878,37.973107,7042.4795904,-10.883,19.332,359.074
1.6867,128.181877,37.973151,7043.4256896,-11.859,19.471,359.0
1.7034,128.181877,37.973195,7044.3842856,-12.898,19.61,358.922
1.7201,128.181877,37.973238,7045.3556832,-13.997,19.749,358.839
1.7368,128.181876,37.973282,7046.3398824000005,-15.155,19.888,358.75
1.7535,128.181876,37.973325,7047.336273600001,-16.371,20.026,358.656
1.7702,128.181875,37.973369,7048.3451616,-17.645,20.165,358.556
1.7869,128.181875,37.973412,7049.366241600001,-18.974,20.302,358.45
1.8036,128.181874,37.973456,7050.3995136,-20.358,20.439,358.337
1.8203,128.181873,37.973499,7051.4446728,-21.796,20.575,358.217
1.837,128.181873,37.973542,7052.5017192000005,-23.287,20.709,358.09
1.8537,128.181872,37.973586,7053.570348,-24.831,20.841,357.956
1.8704,128.181871,37.973629,7054.6502544,-26.426,20.971,357.815
1.8871,128.18187,37.973672,7055.741438400001,-28.074,21.099,357.666
1.9038,128.181869,37.973715,7056.843900000001,-29.772,21.225,357.51
1.9205,128.181868,37.973758,7057.956724800001,-31.521,21.348,357.345
1.9372,128.181867,37.973801,7059.080217600001,-33.32,21.468,357.173
1.9539,128.181865,37.973844,7060.2137688,-35.168,21.584,356.992
1.9706,128.181864,37.973887,7061.357378400001,-37.066,21.696,356.802
1.9873,128.181862,37.97393,7062.5107416,-39.013,21.804,356.604
2.004,128.181861,37.973973,7063.673553600001,-41.009,21.908,356.397
2.0207,128.181859,37.974016,7064.8449,-43.053,22.006,356.181
2.0374,128.181858,37.974059,7066.0253904,-45.145,22.098,355.955
2.0541,128.181856,37.974102,7067.2138056,-47.286,22.184,355.721
2.0707,128.181854,37.974145,7068.410145600001,-49.475,22.263,355.477
2.0875,128.181852,37.974187,7069.614105600001,-51.712,22.336,355.224
2.1042,128.181849,37.97423,7070.825076,-53.997,22.4,354.961
2.1208,128.181847,37.974273,7072.0424472,-56.329,22.456,354.69
2.1376,128.181845,37.974316,7073.266219200001,-58.71,22.502,354.409
2.1543,128.181842,37.974358,7074.4957824,-61.14,22.539,354.118
2.171,128.181839,37.974401,7075.7302224000005,-63.617,22.564,353.819
2.1877,128.181836,37.974443,7076.9695392,-66.143,22.578,353.51
2.2044,128.181833,37.974486,7078.2131232,-68.715,22.578,353.193
2.2211,128.18183,37.974529,7079.460669600001,-71.334,22.563,352.866
2.2378,128.181827,37.974571,7080.7112640000005,-73.999,22.531,352.532
2.2544,128.181824,37.974614,7081.964296800001,-76.71,22.482,352.189
2.2712,128.18182,37.974656,7083.219768,-79.464,22.414,351.84
2.2879,128.181816,37.974698,7084.477068,-82.263,22.325,351.485
2.3045,128.181813,37.974741,7085.7349776,-85.104,22.216,351.124
2.3213,128.181809,37.974783,7086.993801600001,-87.987,22.083,350.761
2.338,128.181804,37.974826,7088.2523208,-90.911,21.928,350.395
2.3546,128.1818,37.974868,7089.5102304,-93.874,21.747,350.029
2.3714,128.181796,37.97491,7090.7669208,-96.876,21.542,349.664
2.3881,128.181791,37.974953,7092.022087200001,-99.916,21.312,349.302
2.4048,128.181787,37.974995,7093.2748152,-102.992,21.055,348.946
2.4215,128.181782,37.975037,7094.5244952,-106.103,20.773,348.598
2.4382,128.181777,37.97508,7095.770822400001,-109.247,20.466,348.259
2.4549,128.181772,37.975122,7097.0131872,-112.424,20.133,347.932
2.4716,128.181767,37.975164,7098.25098,-115.631,19.775,347.619
2.4882,128.181761,37.975207,7099.483896000001,-118.862,19.394,347.322
2.505,128.181756,37.975249,7100.7113256,-122.114,18.991,347.042
2.5217,128.18175,37.975291,7101.932659200001,-125.384,18.567,346.781
2.5383,128.181745,37.975334,7103.147896800001,-128.668,18.123,346.541
2.5551,128.181739,37.975376,7104.356428800001,-131.964,17.662,346.323
2.5718,128.181733,37.975418,7105.557645600001,-135.27,17.184,346.128
2.5884,128.181727,37.97546,7106.751852000001,-138.546,16.693,345.956
2.6052,128.181721,37.975503,7107.938743199999,-141.741,16.195,345.803
2.6219,128.181715,37.975545,7109.118014400001,-144.81,15.691,345.668
2.6386,128.181709,37.975587,7110.289970400001,-147.743,15.185,345.55
2.6553,128.181702,37.97563,7111.454611200001,-150.545,14.677,345.448
2.6719,128.181696,37.975672,7112.611936800001,-153.219,14.168,345.362
2.6887,128.18169,37.975715,7113.761947200001,-155.771,13.662,345.292
2.7054,128.181683,37.975757,7114.904642400001,-158.204,13.157,345.237
2.722,128.181677,37.975799,7116.040632,-160.523,12.656,345.196
2.7388,128.18167,37.975842,7117.169306400001,-162.731,12.16,345.17
2.7555,128.181664,37.975884,7118.2912752,-164.831,11.669,345.158
2.7721,128.181657,37.975927,7119.4065384000005,-166.827,11.184,345.159
2.7889,128.181651,37.975969,7120.515400800001,-168.722,10.707,345.173
2.8056,128.181644,37.976012,7121.6175576,-170.52,10.237,345.199
2.8222,128.181637,37.976054,7122.7136184,-172.223,9.775,345.236
2.839,128.18163,37.976097,7123.8035832000005,-173.835,9.322,345.285
2.8557,128.181624,37.976139,7124.8865376,-175.357,8.878,345.345
2.8724,128.181617,37.976182,7125.9624816000005,-176.795,8.444,345.412
2.8891,128.18161,37.976225,7127.031415200001,-178.153,8.02,345.488
2.9057,128.181603,37.976267,7128.093033600001,-179.431,7.606,345.572
2.9225,128.181596,37.97631,7129.1467272,179.367,7.202,345.662
2.9392,128.18159,37.976352,7130.1928008,178.241,6.808,345.759
2.9558,128.181583,37.976395,7131.230949600001,177.188,6.425,345.863
2.9726,128.181576,37.976438,7132.260564,176.206,6.052,345.972
2.9893,128.181569,37.976481,7133.2819488000005,175.292,5.69,346.087
3.0059,128.181562,37.976523,7134.2947992,174.446,5.337,346.207
3.0227,128.181555,37.976566,7135.298810400001,173.665,4.995,346.332
3.0394,128.181548,37.976609,7136.293677600001,172.948,4.664,346.461
3.056,128.181541,37.976652,7137.279400800001,172.293,4.342,346.595
3.0728,128.181534,37.976695,7138.25598,171.698,4.03,346.732
3.0895,128.181527,37.976737,7139.223110400001,171.162,3.728,346.872
3.1062,128.18152,37.97678,7140.1804872,170.683,3.435,347.015
3.1229,128.181513,37.976823,7141.128110400001,170.261,3.152,347.161
3.1395,128.181506,37.976866,7142.06598,169.893,2.877,347.308
3.1563,128.181499,37.976909,7142.9937912000005,169.579,2.611,347.458
3.173,128.181491,37.976952,7143.9109344,169.312,2.354,347.608
3.1896,128.181484,37.976995,7144.8171048,169.09,2.105,347.76
3.2064,128.181477,37.977038,7145.7123024,168.906,1.864,347.912
3.2231,128.18147,37.977081,7146.5965272,168.757,1.631,348.065
3.2397,128.181463,37.977124,7147.468864800001,168.64,1.405,348.218
3.2565,128.181456,37.977167,7148.32962,168.551,1.186,348.371
3.2732,128.181449,37.97721,7149.1784880000005,168.486,0.973,348.523
3.2899,128.181442,37.977254,7150.015164,168.444,0.766,348.675
3.3066,128.181435,37.977297,7150.839648,168.42,0.565,348.825
3.3233,128.181428,37.97734,7151.6513304,168.413,0.37,348.974
3.34,128.181421,37.977383,7152.4508208,168.421,0.179,349.12
3.3567,128.181414,37.977426,7153.237204800001,168.441,-0.007,349.264
3.3734,128.181407,37.977469,7154.010787200001,168.472,-0.19,349.405
3.3901,128.1814,37.977513,7154.771568,168.511,-0.37,349.542
3.4068,128.181393,37.977556,7155.518937600001,168.558,-0.546,349.675
3.4235,128.181386,37.977599,7156.253200800001,168.61,-0.72,349.804
3.4402,128.181379,37.977643,7156.9743576,168.667,-0.892,349.928
3.4569,128.181372,37.977686,7157.6817984,168.727,-1.062,350.047
3.4736,128.181365,37.977729,7158.376132800001,168.789,-1.23,350.161
3.4903,128.181358,37.977773,7159.056446400001,168.853,-1.397,350.269
3.507,128.181351,37.977816,7159.7236536,168.916,-1.563,350.371
3.5237,128.181344,37.977859,7160.37684,168.979,-1.728,350.468
3.5404,128.181337,37.977903,7161.0163104,169.043,-1.892,350.559
3.5571,128.18133,37.977946,7161.642369600001,169.11,-2.056,350.646
3.5738,128.181323,37.97799,7162.2541032,169.18,-2.218,350.729
3.5905,128.181316,37.978033,7162.8521208,169.253,-2.38,350.81
3.6072,128.181309,37.978076,7163.4364224,169.33,-2.542,350.889
3.6239,128.181303,37.97812,7164.0063984,169.411,-2.702,350.966
3.6406,128.181296,37.978163,7164.5626584,169.494,-2.862,351.041
3.6573,128.181289,37.978207,7165.104592800001,169.581,-3.022,351.114
3.674,128.181282,37.97825,7165.6322016,169.669,-3.181,351.186
3.6907,128.181275,37.978294,7166.1460944,169.759,-3.34,351.256
3.7074,128.181268,37.978338,7166.646576,169.905,-3.499,351.321
3.7241,128.181262,37.978381,7167.1339512,170.105,-3.658,351.38
3.7408,128.181255,37.978425,7167.6088296,170.359,-3.818,351.436
3.7575,128.181248,37.978468,7168.071211200001,170.66,-3.977,351.488
3.7742,128.181241,37.978512,7168.5214008,171.003,-4.136,351.538
3.7909,128.181235,37.978555,7168.957569600001,171.378,-4.294,351.586
3.8076,128.181228,37.978599,7169.380632,171.78,-4.451,351.633
3.8243,128.181221,37.978643,7169.7896736,172.202,-4.607,351.679
3.841,128.181214,37.978686,7170.1849992,172.637,-4.761,351.724
3.8577,128.181208,37.97873,7170.5656944,173.079,-4.915,351.767
3.8744,128.181201,37.978774,7170.9320640000005,173.523,-5.068,351.809
3.8911,128.181194,37.978817,7171.2838032,173.964,-5.221,351.849
3.9078,128.181188,37.978861,7171.6206071999995,174.399,-5.372,351.887
3.9245,128.181181,37.978905,7171.942476,174.825,-5.524,351.924
3.9412,128.181174,37.978948,7172.2491048,175.238,-5.675,351.959
3.9579,128.181168,37.978992,7172.5407984,175.636,-5.827,351.992
3.9746,128.181161,37.979036,7172.816947200001,176.018,-5.978,352.023
3.9913,128.181154,37.97908,7173.077856000001,176.383,-6.131,352.052
4.008,128.181148,37.979123,7173.323524800001,176.73,-6.284,352.079
4.0247,128.181141,37.979167,7173.5536488,177.058,-6.437,352.103
4.0414,128.181134,37.979211,7173.768532800001,177.368,-6.591,352.126
4.058,128.181128,37.979255,7173.967872,177.66,-6.747,352.147
4.0748,128.181121,37.979298,7174.1519712,177.935,-6.903,352.167
4.0915,128.181114,37.979342,7174.3205256,178.195,-7.06,352.187
4.1082,128.181108,37.979386,7174.473840000001,178.438,-7.218,352.205
4.1249,128.181101,37.97943,7174.6116096000005,178.667,-7.377,352.223
4.1415,128.181095,37.979473,7174.7338344,178.88,-7.537,352.239
4.1583,128.181088,37.979517,7174.840819200001,179.079,-7.698,352.254
4.175,128.181081,37.979561,7174.932564000001,179.264,-7.86,352.268
4.1917,128.181075,37.979605,7175.009068800001,179.435,-8.022,352.28
4.2084,128.181068,37.979648,7175.070028800001,179.595,-8.186,352.291
4.2251,128.181061,37.979692,7175.1157488,179.744,-8.351,352.301
4.2417,128.181055,37.979736,7175.146228800001,179.882,-8.516,352.31
4.2585,128.181048,37.97978,7175.161468800001,-179.989,-8.682,352.318
4.2752,128.181041,37.979823,7175.161468800001,-179.87,-8.849,352.324
4.2919,128.181035,37.979867,7175.146228800001,-179.759,-9.016,352.33
4.3086,128.181028,37.979911,7175.1157488,-179.656,-9.184,352.335
4.3252,128.181022,37.979955,7175.070333600001,-179.559,-9.353,352.339
4.342,128.181015,37.979998,7175.009373600001,-179.469,-9.522,352.342
4.3587,128.181008,37.980042,7174.9334784,-179.385,-9.692,352.344
4.3754,128.181002,37.980086,7174.842648,-179.306,-9.862,352.346
4.3921,128.180995,37.98013,7174.736272800001,-179.232,-10.032,352.347
4.4088,128.180988,37.980173,7174.6149624,-179.162,-10.203,352.347
4.4254,128.180982,37.980217,7174.4787168,-179.096,-10.374,352.347
4.4422,128.180975,37.980261,7174.3269264,-179.034,-10.546,352.346
4.4589,128.180968,37.980305,7174.160505600001,-178.975,-10.717,352.345
4.4756,128.180962,37.980348,7173.97854,-178.92,-10.889,352.344
4.4923,128.180955,37.980392,7173.781944,-178.867,-11.061,352.342
4.5089,128.180948,37.980436,7173.570108,-178.817,-11.234,352.339
4.5256,128.180942,37.98048,7173.343032000001,-178.769,-11.406,352.336
4.5424,128.180935,37.980523,7173.1010208,-178.723,-11.579,352.333
4.5591,128.180928,37.980567,7172.843769600001,-178.68,-11.752,352.33
4.5758,128.180921,37.980611,7172.5715832000005,-178.638,-11.925,352.326
4.5925,128.180915,37.980654,7172.2844616,-178.598,-12.098,352.322
4.6091,128.180908,37.980698,7171.9821,-178.559,-12.271,352.318
4.6259,128.180901,37.980742,7171.6648032,-178.522,-12.444,352.313
4.6426,128.180895,37.980785,7171.3325712,-178.486,-12.617,352.308
4.6593,128.180888,37.980829,7170.9850992,-178.452,-12.79,352.303
4.676,128.180881,37.980873,7170.622692000001,-178.419,-12.963,352.298
4.6927,128.180874,37.980916,7170.2450448,-178.387,-13.137,352.293
4.7093,128.180868,37.98096,7169.8524624,-178.356,-13.31,352.287
4.7261,128.180861,37.981004,7169.4449448000005,-178.325,-13.483,352.281
4.7428,128.180854,37.981047,7169.0221872,-178.296,-13.657,352.275
4.7595,128.180848,37.981091,7168.5844944,-178.268,-13.83,352.269
4.7762,128.180841,37.981134,7168.1318664,-178.241,-14.004,352.263
4.7928,128.180834,37.981178,7167.6643032,-178.214,-14.177,352.256
4.8096,128.180827,37.981222,7167.181500000001,-178.188,-14.35,352.25
4.8263,128.180821,37.981265,7166.6837616,-178.163,-14.524,352.243
4.843,128.180814,37.981309,7166.171088000001,-178.138,-14.697,352.236
4.8597,128.180807,37.981352,7165.643174400001,-178.114,-14.87,352.229
4.8764,128.1808,37.981396,7165.1003256,-178.091,-15.043,352.222
4.893,128.180794,37.981439,7164.542541600001,-178.069,-15.217,352.215
4.9098,128.180787,37.981483,7163.9698224,-178.046,-15.39,352.208
4.9265,128.18078,37.981526,7163.3818632,-178.025,-15.563,352.2
4.9432,128.180773,37.98157,7162.7789688,-178.004,-15.736,352.193
4.9599,128.180766,37.981613,7162.1611391999995,-177.983,-15.909,352.185
4.9765,128.18076,37.981657,7161.528374400001,-177.963,-16.082,352.177
4.9932,128.180753,37.9817,7160.8806744,-177.944,-16.255,352.169
5.01,128.180746,37.981744,7160.2177344,-177.925,-16.428,352.162
5.0267,128.180739,37.981787,7159.5398592,-177.906,-16.601,352.154
5.0434,128.180732,37.98183,7158.8473536,-177.888,-16.774,352.146
5.0601,128.180726,37.981874,7158.139608,-177.87,-16.947,352.137
5.0767,128.180719,37.981917,7157.4166224,-177.853,-17.12,352.129
5.0935,128.180712,37.98196,7156.679006400001,-177.836,-17.293,352.121
5.1102,128.180705,37.982004,7155.9264552,-177.819,-17.465,352.113
5.1269,128.180698,37.982047,7155.1586640000005,-177.803,-17.638,352.104
5.1436,128.180692,37.98209,7154.376242400001,-177.787,-17.811,352.096
5.1602,128.180685,37.982134,7153.5785808,-177.771,-17.983,352.087
5.1769,128.180678,37.982177,7152.7662887999995,-177.756,-18.156,352.079
5.1937,128.180671,37.98222,7151.938756800001,-177.741,-18.328,352.07
5.2104,128.180664,37.982263,7151.0965944,-177.727,-18.501,352.061
5.2271,128.180657,37.982307,7150.239192000001,-177.713,-18.673,352.052
5.2438,128.180651,37.98235,7149.3668544,-177.699,-18.846,352.044
5.2604,128.180644,37.982393,7148.4798864,-177.685,-19.018,352.035
5.2772,128.180637,37.982436,7147.577678400001,-177.672,-19.19,352.026
5.2939,128.18063,37.982479,7146.6608400000005,-177.659,-19.362,352.017
5.3106,128.180623,37.982522,7145.7290664,-177.646,-19.534,352.008
5.3273,128.180616,37.982565,7144.7820528,-177.634,-19.706,351.999
5.3439,128.180609,37.982608,7143.8204088,-177.621,-19.878,351.99
5.3606,128.180603,37.982651,7142.8438295999995,-177.61,-20.05,351.98
5.3774,128.180596,37.982694,7141.852620000001,-177.598,-20.222,351.971
5.3941,128.180589,37.982737,7140.846170400001,-177.586,-20.394,351.962
5.4108,128.180582,37.98278,7139.825090400001,-177.575,-20.566,351.953
5.4275,128.180575,37.982823,7138.788770400001,-177.564,-20.738,351.943
5.4441,128.180568,37.982866,7137.738124800001,-177.554,-20.909,351.934
5.4609,128.180561,37.982909,7136.6722392,-177.543,-21.081,351.925
5.4776,128.180554,37.982952,7135.5917232,-177.533,-21.253,351.915
5.4943,128.180548,37.982995,7134.496272,-177.523,-21.424,351.906
5.511,128.180541,37.983038,7133.385885600001,-177.513,-21.596,351.896
5.5277,128.180534,37.98308,7132.260868800001,-177.503,-21.767,351.887
5.5443,128.180527,37.983123,7131.1209168,-177.494,-21.938,351.877
5.5611,128.18052,37.983166,7129.9660296,-177.484,-22.109,351.868
5.5778,128.180513,37.983209,7128.796512,-177.475,-22.281,351.858
5.5945,128.180506,37.983251,7127.612059200001,-177.467,-22.452,351.849
5.6112,128.180499,37.983294,7126.412976,-177.458,-22.623,351.839
5.6278,128.180492,37.983337,7125.1989576,-177.449,-22.794,351.829
5.6445,128.180485,37.983379,7123.970308800001,-177.441,-22.965,351.82
5.6613,128.180479,37.983422,7122.726724800001,-177.433,-23.136,351.81
5.678,128.180472,37.983464,7121.468510400001,-177.425,-23.306,351.8
5.6947,128.180465,37.983507,7120.195665600001,-177.417,-23.477,351.79
5.7114,128.180458,37.983549,7118.907885600001,-177.41,-23.648,351.781
5.728,128.180451,37.983592,7117.605170400001,-177.402,-23.818,351.771
5.7448,128.180444,37.983634,7116.2881296,-177.395,-23.989,351.761
5.7615,128.180437,37.983677,7114.9561536,-177.388,-24.159,351.751
5.7782,128.18043,37.983719,7113.609547200001,-177.381,-24.33,351.741
5.7949,128.180423,37.983761,7112.2480056,-177.374,-24.5,351.731
5.8115,128.180416,37.983804,7110.872138400001,-177.367,-24.67,351.722
5.8282,128.180409,37.983846,7109.481336,-177.361,-24.841,351.712
5.845,128.180402,37.983888,7108.0759032,-177.354,-25.011,351.702
5.8617,128.180395,37.983931,7106.65584,-177.348,-25.181,351.692
5.8784,128.180388,37.983973,7105.2211464,-177.342,-25.351,351.682
5.8951,128.180382,37.984015,7103.7718224,-177.336,-25.521,351.672
5.9117,128.180375,37.984057,7102.3075632,-177.33,-25.69,351.662
5.9285,128.180368,37.984099,7100.828978400001,-177.324,-25.86,351.652
5.9452,128.180361,37.984141,7099.335763200001,-177.318,-26.03,351.642
5.9619,128.180354,37.984183,7097.8276128,-177.313,-26.2,351.632
5.9786,128.180347,37.984225,7096.305136800001,-177.307,-26.369,351.622
5.9952,128.18034,37.984267,7094.7680304,-177.302,-26.539,351.612
6.0119,128.180333,37.984309,7093.2162935999995,-177.297,-26.708,351.602
6.0287,128.180326,37.984351,7091.6499264,-177.291,-26.877,351.592
6.0454,128.180319,37.984393,7090.069233600001,-177.286,-27.047,351.582
6.0621,128.180312,37.984435,7088.473910400001,-177.281,-27.216,351.571
6.0788,128.180305,37.984476,7086.863956800001,-177.277,-27.385,351.561
6.0954,128.180298,37.984518,7085.239372800001,-177.272,-27.554,351.551
6.1121,128.180291,37.98456,7083.6001584000005,-177.267,-27.723,351.541
6.1289,128.180284,37.984601,7081.9466184,-177.263,-27.892,351.531
6.1456,128.180277,37.984643,7080.2787528,-177.258,-28.061,351.521
6.1623,128.18027,37.984685,7078.596256800001,-177.254,-28.23,351.511
6.179,128.180263,37.984726,7076.8991304,-177.249,-28.398,351.5
6.1956,128.180256,37.984768,7075.187678400001,-177.245,-28.567,351.49
6.2124,128.180249,37.984809,7073.461596,-177.241,-28.735,351.48
6.2291,128.180242,37.984851,7071.721188,-177.237,-28.904,351.47
6.2458,128.180235,37.984892,7069.966454400001,-177.233,-29.072,351.46
6.2625,128.180228,37.984933,7068.1970904,-177.229,-29.241,351.449
6.2791,128.180222,37.984975,7066.413400800001,-177.225,-29.409,351.439
6.2958,128.180215,37.985016,7064.6150808,-177.221,-29.577,351.429
6.3126,128.180208,37.985057,7062.80274,-177.217,-29.745,351.418
6.3293,128.180201,37.985098,7060.975768800001,-177.214,-29.913,351.408
6.346,128.180194,37.985139,7059.134472,-177.21,-30.081,351.398
6.3627,128.180187,37.985181,7057.2788496,-177.207,-30.249,351.388
6.3793,128.18018,37.985222,7055.408901600001,-177.203,-30.417,351.377
6.3961,128.180173,37.985263,7053.5243232,-177.2,-30.584,351.367
6.4128,128.180166,37.985304,7051.625724,-177.196,-30.752,351.357
6.4295,128.180159,37.985345,7049.7127992000005,-177.193,-30.92,351.346
6.4462,128.180152,37.985385,7047.7855488000005,-177.189,-31.087,351.336
6.4628,128.180145,37.985426,7045.8439728,-177.186,-31.254,351.325
6.4795,128.180138,37.985467,7043.8880712,-177.183,-31.422,351.315
6.4963,128.180131,37.985508,7041.9181488,-177.18,-31.589,351.305
6.513,128.180124,37.985549,7039.933596000001,-177.176,-31.756,351.294
6.5297,128.180117,37.985589,7037.9350224,-177.173,-31.923,351.284
6.5464,128.18011,37.98563,7035.922123200001,-177.17,-32.09,351.273
6.5631,128.180103,37.98567,7033.8952032,-177.167,-32.257,351.263
6.5798,128.180096,37.985711,7031.8539576,-177.164,-32.424,351.252
6.5965,128.180089,37.985751,7029.798386400001,-177.161,-32.591,351.242
6.6132,128.180082,37.985792,7027.7287944,-177.158,-32.758,351.231
6.6299,128.180075,37.985832,7025.6451816,-177.155,-32.924,351.221
6.6466,128.180068,37.985873,7023.5472432,-177.152,-33.091,351.21
6.6633,128.180061,37.985913,7021.434979200001,-177.149,-33.257,351.2
6.68,128.180054,37.985953,7019.3086944,-177.146,-33.424,351.189
6.6967,128.180047,37.985993,7017.1683888,-177.143,-33.59,351.179
6.7134,128.18004,37.986034,7015.0140624,-177.141,-33.756,351.168
6.7301,128.180033,37.986074,7012.845715200001,-177.138,-33.923,351.158
6.7468,128.180026,37.986114,7010.6630424,-177.135,-34.089,351.147
6.7635,128.180019,37.986154,7008.4663488,-177.132,-34.255,351.136
6.7802,128.180012,37.986194,7006.2559392,-177.129,-34.421,351.126
6.7969,128.180006,37.986234,7004.031204,-177.126,-34.587,351.115
6.8136,128.179999,37.986273,7001.792448,-177.124,-34.752,351.104
6.8303,128.179992,37.986313,6999.5396712,-177.121,-34.918,351.094
6.847,128.179985,37.986353,6997.273178400001,-177.118,-35.084,351.083
6.8637,128.179978,37.986393,6994.99236,-177.115,-35.249,351.072
6.8804,128.179971,37.986432,6992.6978256,-177.112,-35.415,351.062
6.8971,128.179964,37.986472,6990.389270400001,-177.109,-35.58,351.051
6.9138,128.179957,37.986511,6988.0669992,-177.107,-35.745,351.04
6.9305,128.17995,37.986551,6985.7304024,-177.104,-35.911,351.029
6.9472,128.179943,37.98659,6983.3800896,-177.101,-36.076,351.018
6.9639,128.179936,37.98663,6981.016060800001,-177.098,-36.241,351.008
6.9806,128.179929,37.986669,6978.638011200001,-177.095,-36.406,350.997
6.9973,128.179922,37.986708,6976.2462456,-177.092,-36.571,350.986
7.014,128.179915,37.986748,6973.840459200001,-177.089,-36.736,350.975
7.0307,128.179908,37.986787,6971.420956800001,-177.086,-36.901,350.964
7.0474,128.179901,37.986826,6968.987738400001,-177.084,-37.065,350.953
7.0641,128.179894,37.986865,6966.5404992,-177.081,-37.23,350.942
7.0808,128.179888,37.986904,6964.079544,-177.078,-37.394,350.931
7.0975,128.179881,37.986943,6961.6048728000005,-177.075,-37.559,350.92
7.1142,128.179874,37.986982,6959.1164856000005,-177.072,-37.723,350.909
7.1309,128.179867,37.987021,6956.6143824,-177.068,-37.888,350.898
7.1476,128.17986,37.987059,6954.0985632,-177.065,-38.052,350.887
7.1643,128.179853,37.987098,6951.569028000001,-177.062,-38.216,350.876
7.181,128.179846,37.987137,6949.0257768,-177.059,-38.38,350.865
7.1977,128.179839,37.987175,6946.468809600001,-177.056,-38.544,350.854
7.2144,128.179832,37.987214,6943.8984312,-177.053,-38.708,350.843
7.2311,128.179825,37.987252,6941.314032,-177.049,-38.872,350.831
7.2478,128.179818,37.987291,6938.7162216,-177.046,-39.036,350.82
7.2645,128.179812,37.987329,6936.1050000000005,-177.043,-39.199,350.809
7.2812,128.179805,37.987368,6933.4800624,-177.039,-39.363,350.798
7.2979,128.179798,37.987406,6930.8414088,-177.036,-39.526,350.786
7.3146,128.179791,37.987444,6928.189344,-177.033,-39.69,350.775
7.3313,128.179784,37.987482,6925.523868,-177.029,-39.853,350.764
7.348,128.179777,37.98752,6922.844676,-177.026,-40.017,350.752
7.3647,128.17977,37.987558,6920.1520728000005,-177.022,-40.18,350.741
7.3814,128.179763,37.987596,6917.4457536,-177.018,-40.343,350.729
7.3981,128.179757,37.987634,6914.726328000001,-177.015,-40.506,350.718
7.4148,128.17975,37.987672,6911.9931864,-177.011,-40.669,350.706
7.4315,128.179743,37.98771,6909.2469384000005,-177.007,-40.832,350.695
7.4482,128.179736,37.987747,6906.486974400001,-177.003,-40.994,350.683
7.4649,128.179729,37.987785,6903.7135992,-177.0,-41.157,350.671
7.4816,128.179722,37.987823,6900.9271176,-176.996,-41.319,350.66
7.4983,128.179715,37.98786,6898.1272248000005,-176.992,-41.482,350.648
7.515,128.179709,37.987898,6895.3139208,-176.988,-41.644,350.636
7.5317,128.179702,37.987935,6892.4872056,-176.983,-41.806,350.625
7.5484,128.179695,37.987972,6889.647384000001,-176.979,-41.968,350.613
7.5651,128.179688,37.98801,6886.794151200001,-176.975,-42.13,350.601
7.5818,128.179681,37.988047,6883.9275072,-176.971,-42.292,350.589
7.5985,128.179675,37.988084,6881.047756800001,-176.966,-42.453,350.577
7.6152,128.179668,37.988121,6878.1549,-176.962,-42.615,350.565
7.6319,128.179661,37.988158,6875.248632000001,-176.958,-42.776,350.553
7.6486,128.179654,37.988195,6872.3295624,-176.953,-42.938,350.541
7.6653,128.179647,37.988232,6869.3970816,-176.948,-43.099,350.529
7.682,128.17964,37.988269,6866.4511896,-176.944,-43.26,350.517
7.6987,128.179634,37.988305,6863.492496000001,-176.939,-43.421,350.505
7.7154,128.179627,37.988342,6860.5206960000005,-176.934,-43.582,350.493
7.7321,128.17962,37.988379,6857.5357896,-176.929,-43.743,350.481
7.7488,128.179613,37.988415,6854.5377768,-176.924,-43.904,350.468
7.7655,128.179607,37.988452,6851.5266576,-176.919,-44.065,350.456
7.7822,128.1796,37.988488,6848.502432,-176.914,-44.225,350.444
7.7989,128.179593,37.988524,6845.4654048,-176.909,-44.386,350.431
7.8156,128.179586,37.98856,6842.4152712,-176.904,-44.546,350.419
7.8323,128.17958,37.988597,6839.3520312,-176.898,-44.707,350.406
7.849,128.179573,37.988633,6836.2762944,-176.893,-44.867,350.394
7.8657,128.179566,37.988669,6833.1871464000005,-176.887,-45.027,350.381
7.8824,128.179559,37.988705,6830.085196800001,-176.882,-45.187,350.368
7.8991,128.179553,37.988741,6826.9704456,-176.876,-45.347,350.356
7.9158,128.179546,37.988777,6823.842892800001,-176.87,-45.507,350.343
7.9325,128.179539,37.988812,6820.702538400001,-176.865,-45.667,350.33
7.9492,128.179533,37.988848,6817.5493824000005,-176.859,-45.827,350.317
7.9659,128.179526,37.988884,6814.38312,-176.853,-45.986,350.304
7.9826,128.179519,37.988919,6811.2043608,-176.846,-46.146,350.291
7.9993,128.179512,37.988955,6808.0128,-176.84,-46.305,350.278
8.016,128.179506,37.98899,6804.808437600001,-176.834,-46.465,350.265
8.0327,128.179499,37.989025,6801.591273600001,-176.828,-46.624,350.252
8.0494,128.179492,37.989061,6798.3613080000005,-176.821,-46.784,350.239
8.0661,128.179486,37.989096,6795.1188456,-176.814,-46.943,350.225
8.0828,128.179479,37.989131,6791.8638864,-176.808,-47.102,350.212
8.0994,128.179472,37.989166,6788.5961256,-176.801,-47.261,350.199
8.1161,128.179466,37.989201,6785.315868000001,-176.794,-47.42,350.185
8.1329,128.179459,37.989236,6782.0228088,-176.787,-47.579,350.172
8.1496,128.179452,37.989271,6778.7172528,-176.78,-47.737,350.158
8.1663,128.179446,37.989305,6775.399200000001,-176.773,-47.896,350.144
8.183,128.179439,37.98934,6772.0686504000005,-176.766,-48.055,350.13
8.1997,128.179433,37.989375,6768.725604,-176.758,-48.213,350.117
8.2164,128.179426,37.989409,6765.370060800001,-176.751,-48.372,350.103
8.2331,128.179419,37.989444,6762.0020208,-176.743,-48.53,350.089
8.2498,128.179413,37.989478,6758.621484000001,-176.735,-48.689,350.075
8.2665,128.179406,37.989512,6755.228450400001,-176.728,-48.847,350.061
8.2831,128.1794,37.989547,6751.823224800001,-176.72,-49.005,350.046
8.2998,128.179393,37.989581,6748.4058072,-176.712,-49.163,350.032
8.3166,128.179387,37.989615,6744.975588000001,-176.703,-49.321,350.018
8.3333,128.17938,37.989649,6741.5334816,-176.695,-49.479,350.003
8.35,128.179373,37.989683,6738.078878400001,-176.687,-49.637,349.989
8.3667,128.179367,37.989716,6734.611778400001,-176.678,-49.795,349.974
8.3834,128.17936,37.98975,6731.132791200001,-176.67,-49.952,349.96
8.4001,128.179354,37.989784,6727.6413072,-176.661,-50.11,349.945
8.4168,128.179347,37.989817,6724.1376312,-176.652,-50.267,349.93
8.4335,128.179341,37.989851,6720.622068000001,-176.643,-50.425,349.915
8.4502,128.179334,37.989884,6717.094008,-176.634,-50.582,349.9
8.4668,128.179328,37.989918,6713.554060800001,-176.625,-50.739,349.885
8.4835,128.179321,37.989951,6710.0019216,-176.615,-50.897,349.87
8.5003,128.179315,37.989984,6706.4375904,-176.606,-51.054,349.855
8.517,128.179308,37.990017,6702.8610672,-176.596,-51.211,349.839
8.5337,128.179302,37.99005,6699.272656800001,-176.586,-51.368,349.824
8.5504,128.179295,37.990083,6695.672359200001,-176.576,-51.525,349.808
8.5671,128.179289,37.990116,6692.059869600001,-176.566,-51.682,349.793
8.5838,128.179283,37.990149,6688.435492800001,-176.556,-51.838,349.777
8.6005,128.179276,37.990182,6684.7992288000005,-176.546,-51.995,349.761
8.6172,128.17927,37.990214,6681.150772800001,-176.535,-52.152,349.745
8.6339,128.179263,37.990247,6677.4907344,-176.525,-52.308,349.729
8.6505,128.179257,37.990279,6673.818504,-176.514,-52.465,349.713
8.6672,128.17925,37.990312,6670.134691200001,-176.503,-52.621,349.697
8.684,128.179244,37.990344,6666.438991200001,-176.492,-52.777,349.68
8.7007,128.179238,37.990376,6662.731404,-176.481,-52.934,349.664
8.7174,128.179231,37.990408,6659.011929599999,-176.47,-53.09,349.647
8.7341,128.179225,37.99044,6655.2808728,-176.458,-53.246,349.63
8.7508,128.179219,37.990472,6651.538233600001,-176.447,-53.402,349.614
8.7675,128.179212,37.990504,6647.7837072,-176.435,-53.558,349.597
8.7842,128.179206,37.990536,6644.0172936,-176.423,-53.714,349.58
8.8009,128.1792,37.990567,6640.2396024,-176.411,-53.87,349.562
8.8176,128.179193,37.990599,6636.450024000001,-176.399,-54.025,349.545
8.8342,128.179187,37.990631,6632.6488632,-176.386,-54.181,349.528
8.8509,128.179181,37.990662,6628.836120000001,-176.374,-54.337,349.51
8.8676,128.179174,37.990693,6625.0120992,-176.361,-54.492,349.493
8.8844,128.179168,37.990725,6621.1761912,-176.348,-54.647,349.475
8.9011,128.179162,37.990756,6617.3290056000005,-176.335,-54.803,349.457
8.9178,128.179156,37.990787,6613.469932800001,-176.322,-54.958,349.439
8.9345,128.179149,37.990818,6609.599887200001,-176.309,-55.113,349.421
8.9512,128.179143,37.990849,6605.7182592,-176.295,-55.269,349.402
8.9679,128.179137,37.99088,6601.8250488,-176.281,-55.424,349.384
8.9846,128.179131,37.99091,6597.920560800001,-176.267,-55.579,349.365
9.0013,128.179124,37.990941,6594.0047952,-176.253,-55.734,349.347
9.0179,128.179118,37.990971,6590.077752000001,-176.239,-55.888,349.328
9.0346,128.179112,37.991002,6586.1391264,-176.225,-56.043,349.309
9.0513,128.179106,37.991032,6582.189528000001,-176.21,-56.198,349.29
9.0681,128.1791,37.991063,6578.228347200001,-176.195,-56.353,349.27
9.0848,128.179093,37.991093,6574.2561936,-176.18,-56.508,349.251
9.1015,128.179087,37.991123,6570.2727624,-176.165,-56.663,349.231
9.1182,128.179081,37.991153,6566.2783584,-176.15,-56.819,349.211
9.1349,128.179075,37.991183,6562.272372,-176.134,-56.975,349.191
9.1516,128.179069,37.991213,6558.2557176,-176.118,-57.132,349.171
9.1683,128.179063,37.991242,6554.2274808,-176.101,-57.289,349.15
9.185,128.179057,37.991272,6550.1885760000005,-176.085,-57.447,349.129
9.2016,128.17905,37.991302,6546.1383936,-176.068,-57.605,349.108
9.2183,128.179044,37.991331,6542.077238400001,-176.05,-57.764,349.086
9.235,128.179038,37.99136,6538.0051104,-176.033,-57.923,349.065
9.2518,128.179032,37.99139,6533.9217048,-176.015,-58.083,349.043
9.2685,128.179026,37.991419,6529.8276312,-175.997,-58.244,349.02
9.2852,128.17902,37.991448,6525.7225848,-175.978,-58.404,348.998
9.3019,128.179014,37.991477,6521.606565600001,-175.959,-58.565,348.975
9.3186,128.179008,37.991506,6517.479573600001,-175.94,-58.726,348.952
9.3353,128.179002,37.991535,6513.3416088,-175.92,-58.888,348.929
9.352,128.178996,37.991564,6509.192976,-175.9,-59.05,348.905
9.3687,128.17899,37.991592,6505.0333704,-175.88,-59.212,348.881
9.3854,128.178984,37.991621,6500.862792000001,-175.859,-59.374,348.857
9.402,128.178978,37.991649,6496.6815456,-175.838,-59.536,348.833
9.4187,128.178972,37.991677,6492.4896312,-175.817,-59.699,348.808
9.4355,128.178966,37.991706,6488.2870488,-175.795,-59.862,348.783
9.4522,128.17896,37.991734,6484.0734936,-175.773,-60.024,348.758
9.4689,128.178954,37.991762,6479.849270400001,-175.751,-60.187,348.732
9.4856,128.178948,37.99179,6475.614379200001,-175.728,-60.35,348.706
9.5023,128.178942,37.991818,6471.368820000001,-175.705,-60.514,348.68
9.519,128.178937,37.991845,6467.112592800001,-175.682,-60.677,348.654
9.5357,128.178931,37.991873,6462.845697600001,-175.658,-60.84,348.627
9.5524,128.178925,37.991901,6458.5681343999995,-175.634,-61.004,348.6
9.5691,128.178919,37.991928,6454.280208,-175.609,-61.168,348.573
9.5857,128.178913,37.991955,6449.9816136,-175.584,-61.331,348.545
9.6024,128.178907,37.991983,6445.672351200001,-175.559,-61.495,348.517
9.6192,128.178901,37.99201,6441.3527256,-175.533,-61.659,348.489
9.6359,128.178896,37.992037,6437.0227368000005,-175.506,-61.823,348.46
9.6526,128.17889,37.992064,6432.68208,-175.48,-61.987,348.431
9.6693,128.178884,37.992091,6428.33106,-175.453,-62.151,348.402
9.686,128.178878,37.992118,6423.9696768,-175.425,-62.315,348.372
9.7027,128.178873,37.992144,6419.5976256,-175.397,-62.479,348.342
9.7194,128.178867,37.992171,6415.215516,-175.369,-62.643,348.312
9.7361,128.178861,37.992197,6410.8230432,-175.34,-62.807,348.281
9.7528,128.178855,37.992224,6406.4199024,-175.311,-62.971,348.25
9.7694,128.17885,37.99225,6402.0067032,-175.281,-63.136,348.218
9.7861,128.178844,37.992276,6397.5834456,-175.251,-63.3,348.186
9.8029,128.178838,37.992302,6393.149824800001,-175.221,-63.465,348.154
9.8196,128.178833,37.992328,6388.7058408,-175.189,-63.629,348.121
9.8363,128.178827,37.992354,6384.2517984,-175.158,-63.794,348.088
9.853,128.178821,37.992379,6379.787392800001,-175.126,-63.958,348.054
9.8697,128.178816,37.992405,6375.312928800001,-175.093,-64.123,348.02
9.8864,128.17881,37.992431,6370.828406400001,-175.06,-64.288,347.986
9.9031,128.178804,37.992456,6366.3338256,-175.027,-64.453,347.951
9.9198,128.178799,37.992481,6361.8291864,-174.992,-64.617,347.915
9.9365,128.178793,37.992507,6357.3144888,-174.958,-64.782,347.879
9.9531,128.178788,37.992532,6352.789732800001,-174.923,-64.947,347.843
9.9698,128.178782,37.992557,6348.2549184,-174.887,-65.112,347.806
9.9865,128.178776,37.992582,6343.710350400001,-174.85,-65.277,347.769
10.0033,128.178771,37.992606,6339.155724,-174.814,-65.442,347.731
10.02,128.178765,37.992631,6334.5910392,-174.776,-65.608,347.692
10.0367,128.17876,37.992656,6330.016600800001,-174.738,-65.773,347.653
10.0534,128.178754,37.99268,6325.4324088,-174.699,-65.938,347.614
10.0701,128.178749,37.992704,6320.8381584,-174.66,-66.103,347.574
10.0868,128.178743,37.992729,6316.2344592,-174.62,-66.269,347.533
10.1035,128.178738,37.992753,6311.620701600001,-174.579,-66.434,347.492
10.1202,128.178733,37.992777,6306.9971904,-174.538,-66.6,347.45
10.1368,128.178727,37.992801,6302.3642303999995,-174.496,-66.765,347.407
10.1535,128.178722,37.992824,6297.7212119999995,-174.454,-66.931,347.364
10.1702,128.178716,37.992848,6293.0687448,-174.41,-67.096,347.32
10.187,128.178711,37.992872,6288.406828800001,-174.366,-67.262,347.276
10.2037,128.178706,37.992895,6283.7351592,-174.322,-67.428,347.231
10.2204,128.1787,37.992918,6279.053736,-174.276,-67.593,347.185
10.2371,128.178695,37.992942,6274.362864000001,-174.23,-67.759,347.138
10.2538,128.17869,37.992965,6269.6625432,-174.183,-67.925,347.091
10.2705,128.178684,37.992988,6264.952773600001,-174.135,-68.091,347.043
10.2872,128.178679,37.993011,6260.2335552,-174.087,-68.257,346.994
10.3039,128.178674,37.993033,6255.504888,-174.037,-68.423,346.945
10.3205,128.178668,37.993056,6250.766772,-173.987,-68.589,346.894
10.3372,128.178663,37.993079,6246.019512,-173.936,-68.755,346.843
10.3539,128.178658,37.993101,6241.2624984,-173.884,-68.921,346.791
10.3707,128.178653,37.993123,6236.4966456,-173.831,-69.087,346.738
10.3874,128.178647,37.993146,6231.721344,-173.777,-69.254,346.685
10.4041,128.178642,37.993168,6226.9365935999995,-173.723,-69.42,346.63
10.4208,128.178637,37.99319,6222.1426992,-173.667,-69.586,346.574
10.4375,128.178632,37.993211,6217.339965600001,-173.61,-69.753,346.518
10.4542,128.178627,37.993233,6212.527783200001,-173.553,-69.919,346.461
10.4709,128.178622,37.993255,6207.7064568000005,-173.494,-70.086,346.402
10.4876,128.178616,37.993276,6202.8759864,-173.434,-70.252,346.343
10.5042,128.178611,37.993298,6198.0366768,-173.373,-70.419,346.282
10.5209,128.178606,37.993319,6193.188223200001,-173.311,-70.585,346.221
10.5376,128.178601,37.99334,6188.3309304,-173.248,-70.752,346.158
10.5544,128.178596,37.993361,6183.4644935999995,-173.184,-70.919,346.094
10.5711,128.178591,37.993382,6178.5892176,-173.119,-71.085,346.029
10.5878,128.178586,37.993403,6173.7051024,-173.052,-71.252,345.963
10.6045,128.178581,37.993424,6168.8118432,-172.984,-71.419,345.895
10.6212,128.178576,37.993444,6163.9100496,-172.915,-71.586,345.827
10.6379,128.178571,37.993465,6158.9994168,-172.844,-71.753,345.757
10.6546,128.178566,37.993485,6154.0799448,-172.772,-71.92,345.685
10.6713,128.178561,37.993505,6149.151938400001,-172.699,-72.087,345.613
10.6879,128.178556,37.993525,6144.214788000001,-172.624,-72.254,345.539
10.7046,128.178551,37.993545,6139.269408,-172.548,-72.421,345.463
10.7213,128.178546,37.993565,6134.3151888,-172.47,-72.588,345.386
10.7381,128.178541,37.993585,6129.3524352,-172.391,-72.755,345.307
10.7548,128.178536,37.993604,6124.381147200001,-172.31,-72.922,345.227
10.7715,128.178532,37.993624,6119.401324800001,-172.227,-73.089,345.145
10.7882,128.178527,37.993643,6114.412968000001,-172.142,-73.257,345.062
10.8049,128.178522,37.993662,6109.4163816,-172.056,-73.424,344.977
10.8216,128.178517,37.993681,6104.4112608000005,-171.968,-73.591,344.89
10.8383,128.178512,37.9937,6099.3976056,-171.878,-73.758,344.801
10.855,128.178508,37.993719,6094.3757208,-171.787,-73.926,344.71
10.8717,128.178503,37.993738,6089.3453016,-171.693,-74.093,344.617
10.8883,128.178498,37.993756,6084.3069576,-171.597,-74.261,344.522
10.905,128.178493,37.993775,6079.260079200001,-171.499,-74.428,344.425
10.9218,128.178489,37.993793,6074.205276,-171.399,-74.596,344.326
10.9385,128.178484,37.993811,6069.1422432,-171.296,-74.763,344.225
10.9552,128.178479,37.993829,6064.0709808,-171.191,-74.931,344.122
10.9719,128.178474,37.993847,6058.991488799999,-171.084,-75.098,344.016
10.9886,128.17847,37.993865,6053.904072,-170.975,-75.266,343.907
11.0053,128.178465,37.993883,6048.8087304,-170.862,-75.433,343.796
11.022,128.178461,37.9939,6043.705159200001,-170.747,-75.601,343.682
11.0387,128.178456,37.993918,6038.593968,-170.63,-75.768,343.566
11.0554,128.178451,37.993935,6033.4745472,-170.509,-75.936,343.447
11.072,128.178447,37.993952,6028.3475064,-170.385,-76.103,343.324
11.0887,128.178442,37.993969,6023.212236,-170.259,-76.271,343.199
11.1054,128.178438,37.993986,6018.069650400001,-170.129,-76.439,343.07
11.1222,128.178433,37.994003,6012.91914,-169.995,-76.606,342.939
11.1389,128.178429,37.99402,6007.7607048,-169.859,-76.774,342.803
11.1556,128.178424,37.994036,6002.594649600001,-169.719,-76.942,342.665
11.1723,128.17842,37.994053,5997.421279200001,-169.575,-77.109,342.522
11.189,128.178415,37.994069,5992.239984000001,-169.427,-77.277,342.376
11.2057,128.178411,37.994085,5987.0510688,-169.275,-77.444,342.225
11.2224,128.178406,37.994101,5981.8548384000005,-169.119,-77.612,342.071
11.2391,128.178402,37.994117,5976.650988,-168.958,-77.779,341.912
11.2557,128.178398,37.994133,5971.439822400001,-168.793,-77.947,341.749
11.2724,128.178393,37.994148,5966.221036800001,-168.624,-78.114,341.581
11.2891,128.178389,37.994164,5960.9952408,-168.449,-78.282,341.408
11.3059,128.178385,37.994179,5955.761824800001,-168.269,-78.449,341.23
11.3226,128.17838,37.994194,5950.521093599999,-168.084,-78.617,341.046
11.3393,128.178376,37.994209,5945.273352000001,-167.894,-78.784,340.857
11.356,128.178372,37.994224,5940.0182952000005,-167.697,-78.951,340.663
11.3727,128.178367,37.994239,5934.7559232,-167.494,-79.118,340.462
11.3894,128.178363,37.994254,5929.4865408000005,-167.285,-79.285,340.254
11.4061,128.178359,37.994268,5924.210148,-167.069,-79.452,340.04
11.4228,128.178355,37.994283,5918.92644,-166.847,-79.619,339.819
11.4394,128.178351,37.994297,5913.6360264,-166.616,-79.786,339.591
11.4561,128.178346,37.994311,5908.3386024,-166.378,-79.953,339.355
11.4728,128.178342,37.994325,5903.034168,-166.132,-80.12,339.11
11.4896,128.178338,37.994339,5897.723028,-165.877,-80.286,338.858
11.5063,128.178334,37.994353,5892.4048776,-165.614,-80.453,338.596
11.523,128.17833,37.994366,5887.0800216,-165.341,-80.619,338.325
11.5397,128.178326,37.99438,5881.748155200001,-165.057,-80.785,338.044
11.5564,128.178322,37.994393,5876.409888000001,-164.764,-80.951,337.752
11.5731,128.178318,37.994406,5871.0649152000005,-164.459,-81.117,337.449
11.5898,128.178314,37.994419,5865.7132368,-164.143,-81.283,337.135
11.6065,128.17831,37.994432,5860.3551576,-163.814,-81.448,336.808
11.6231,128.178306,37.994445,5854.9903728,-163.472,-81.614,336.468
11.6398,128.178302,37.994457,5849.619187200001,-163.116,-81.779,336.114
11.6565,128.178298,37.99447,5844.241600800001,-162.746,-81.943,335.746
11.6733,128.178294,37.994482,5838.8573088,-162.359,-82.108,335.362
11.69,128.17829,37.994494,5833.4669208,-161.957,-82.272,334.961
11.7067,128.178286,37.994507,5828.070436800001,-161.536,-82.436,334.543
11.7234,128.178282,37.994518,5822.667247200001,-161.097,-82.599,334.106
11.7401,128.178278,37.99453,5817.257961599999,-160.638,-82.762,333.65
11.7568,128.178274,37.994542,5811.8425799999995,-160.158,-82.925,333.171
11.7735,128.178271,37.994553,5806.4211024,-159.655,-83.087,332.67
11.7902,128.178267,37.994565,5800.993528800001,-159.127,-83.249,332.145
11.8068,128.178263,37.994576,5795.559859200001,-158.573,-83.41,331.594
11.8235,128.178259,37.994587,5790.1203984,-157.992,-83.571,331.014
11.8402,128.178255,37.994598,5784.6748416,-157.38,-83.731,330.405
11.857,128.178252,37.994609,5779.2231888,-156.736,-83.89,329.764
11.8737,128.178248,37.994619,5773.7660496,-156.058,-84.049,329.088
11.8904,128.178244,37.99463,5768.302814400001,-155.342,-84.207,328.374
11.9071,128.178241,37.99464,5762.833788000001,-154.586,-84.364,327.62
11.9238,128.178237,37.99465,5757.3592751999995,-153.786,-84.52,326.823
11.9405,128.178233,37.99466,5751.8789712,-152.94,-84.675,325.979
11.9572,128.17823,37.99467,5746.3931808,-152.042,-84.829,325.084
11.9739,128.178226,37.99468,5740.9015992,-151.089,-84.981,324.134
11.9905,128.178223,37.99469,5735.4045312,-150.077,-85.132,323.123
12.0072,128.178219,37.994699,5729.902281600001,-148.999,-85.282,322.048
12.0239,128.178215,37.994708,5724.3942408,-147.851,-85.43,320.903
12.0407,128.178212,37.994717,5718.8810184,-146.626,-85.576,319.681
12.0574,128.178208,37.994726,5713.3623096,-145.318,-85.719,318.375
12.0741,128.178205,37.994735,5707.8384192,-143.919,-85.861,316.978
12.0908,128.178202,37.994744,5702.309347200001,-142.421,-86.0,315.483
12.1075,128.178198,37.994753,5696.7750936,-140.816,-86.136,313.88
12.1242,128.178195,37.994761,5691.2356584,-139.094,-86.269,312.161
12.1409,128.178191,37.994769,5685.6910416,-137.246,-86.398,310.316
12.1576,128.178188,37.994778,5680.141548,-135.262,-86.524,308.334
12.1743,128.178185,37.994786,5674.5868728000005,-133.131,-86.645,306.206
12.1909,128.178181,37.994793,5669.0273208,-130.843,-86.761,303.92
12.2076,128.178178,37.994801,5663.4631968,-128.387,-86.871,301.468
12.2243,128.178175,37.994809,5657.8938912,-125.757,-86.976,298.84
12.2411,128.178171,37.994816,5652.319708800001,-122.943,-87.074,296.029
12.2578,128.178168,37.994823,5646.7412592,-119.941,-87.164,293.03
12.2745,128.178165,37.99483,5641.157628000001,-116.749,-87.246,289.841
12.2912,128.178162,37.994837,5635.5697296,-113.372,-87.319,286.467
12.3079,128.178158,37.994844,5629.9769544,-109.817,-87.382,282.914
12.3246,128.178155,37.994851,5624.379912,-106.1,-87.435,279.2
12.3413,128.178152,37.994857,5618.778297600001,-102.241,-87.476,275.345
12.358,128.178149,37.994864,5613.1721112000005,-98.271,-87.506,271.378
12.3746,128.178146,37.99487,5607.5616576,-94.224,-87.523,267.333
12.3913,128.178143,37.994876,5601.9469368,-90.137,-87.528,263.249
12.408,128.17814,37.994882,5596.3279488,-86.053,-87.521,259.168
12.4248,128.178137,37.994887,5590.7046936,-82.012,-87.501,255.13
12.4415,128.178133,37.994893,5585.077476,-78.055,-87.468,251.175
12.4582,128.17813,37.994898,5579.4456864,-74.214,-87.424,247.337
12.4749,128.178127,37.994904,5573.8102392,-70.518,-87.368,243.644
12.4916,128.178124,37.994909,5568.170524800001,-66.989,-87.302,240.117
12.5083,128.178122,37.994914,5562.5271528,-63.64,-87.226,236.771
12.525,128.178119,37.994919,5556.879818400001,-60.481,-87.141,233.614
12.5417,128.178116,37.994923,5551.2285216,-57.514,-87.047,230.648
12.5583,128.178113,37.994928,5545.5732624,-54.736,-86.946,227.873
12.575,128.17811,37.994932,5539.9146504,-52.144,-86.838,225.283
12.5917,128.178107,37.994936,5534.252076,-49.729,-86.723,222.87
12.6085,128.178104,37.99494,5528.585844,-47.484,-86.603,220.625
12.6252,128.178101,37.994944,5522.9162592,-45.397,-86.478,218.54
12.6419,128.178099,37.994948,5517.2430168,-43.459,-86.348,216.603
12.6586,128.178096,37.994951,5511.5664216,-41.659,-86.214,214.804
12.6753,128.178093,37.994955,5505.8864736000005,-39.988,-86.077,213.134
12.692,128.17809,37.994958,5500.202868,-38.436,-85.935,211.582
12.7087,128.178088,37.994961,5494.5162144000005,-36.992,-85.791,210.138
12.7254,128.178085,37.994964,5488.826208,-35.65,-85.644,208.795
12.742,128.178082,37.994967,5483.1331536,-34.4,-85.494,207.545
12.7587,128.17808,37.99497,5477.436746400001,-33.235,-85.343,206.38
12.7754,128.178077,37.994972,5471.737596000001,-32.149,-85.188,205.293
12.7922,128.178074,37.994974,5466.035092800001,-31.134,-85.032,204.277
12.8089,128.178072,37.994976,5460.329846400001,-30.185,-84.875,203.327
12.8256,128.178069,37.994978,5454.6215520000005,-29.295,-84.716,202.436
12.8423,128.178067,37.99498,5448.9105144000005,-28.46,-84.555,201.6
12.859,128.178064,37.994982,5443.196733600001,-27.675,-84.393,200.814
12.8757,128.178062,37.994984,5437.4799048,-26.936,-84.23,200.074
12.8924,128.178059,37.994985,5431.7606376,-26.239,-84.066,199.376
12.9091,128.178057,37.994986,5426.038932,-25.58,-83.901,198.716
12.9257,128.178054,37.994987,5420.314483200001,-24.956,-83.735,198.091
12.9424,128.178052,37.994988,5414.587596,-24.364,-83.568,197.498
12.9591,128.17805,37.994989,5408.857965600001,-23.802,-83.4,196.935
12.9759,128.178047,37.994989,5403.126201600001,-23.267,-83.232,196.399
12.9926,128.178045,37.99499,5397.392304,-22.756,-83.064,195.888
13.0093,128.178043,37.99499,5391.655968,-22.269,-82.894,195.4
13.026,128.17804,37.99499,5385.9171936,-21.802,-82.725,194.933
13.0427,128.178038,37.99499,5380.1765904,-21.355,-82.554,194.485
13.0594,128.178036,37.99499,5374.4338536000005,-20.925,-82.384,194.055
13.0761,128.178033,37.994989,5368.688983200001,-20.511,-82.213,193.641
13.0928,128.178031,37.994989,5362.942284000001,-20.113,-82.041,193.242
13.1095,128.178029,37.994988,5357.193451200001,-19.729,-81.87,192.857
13.1262,128.178027,37.994987,5351.4427896,-19.357,-81.698,192.486
13.1429,128.178025,37.994986,5345.690604,-18.998,-81.526,192.126
13.1596,128.178023,37.994985,5339.9365896,-18.65,-81.354,191.778
13.1763,128.17802,37.994984,5334.1807464,-18.312,-81.181,191.439
13.193,128.178018,37.994982,5328.4233792,-17.984,-81.008,191.111
13.2097,128.178016,37.99498,5322.664488,-17.665,-80.835,190.792
13.2264,128.178014,37.994978,5316.904377600001,-17.354,-80.662,190.481
13.2431,128.178012,37.994976,5311.142438400001,-17.052,-80.489,190.178
13.2598,128.17801,37.994974,5305.37928,-16.757,-80.316,189.882
13.2765,128.178008,37.994972,5299.6149024,-16.469,-80.142,189.594
13.2932,128.178006,37.994969,5293.849305600001,-16.188,-79.968,189.313
13.3099,128.178004,37.994967,5288.0824896,-15.913,-79.794,189.038
13.3266,128.178002,37.994964,5282.314454400001,-15.645,-79.62,188.769
13.3433,128.178,37.994961,5276.5455048,-15.383,-79.446,188.506
13.36,128.177999,37.994958,5270.775336000001,-15.126,-79.272,188.249
13.3767,128.177997,37.994954,5265.0045576,-14.875,-79.097,187.998
13.3934,128.177995,37.994951,5259.2328648,-14.63,-78.923,187.752
13.4101,128.177993,37.994947,5253.4602576,-14.39,-78.748,187.512
13.4268,128.177991,37.994943,5247.6870408,-14.155,-78.573,187.276
13.4435,128.17799,37.99494,5241.912909600001,-13.926,-78.398,187.047
13.4602,128.177988,37.994935,5236.138473600001,-13.702,-78.222,186.822
13.4769,128.177986,37.994931,5230.363123200001,-13.483,-78.047,186.603
13.4936,128.177984,37.994927,5224.587468000001,-13.27,-77.871,186.389
13.5103,128.177983,37.994922,5218.811508,-13.063,-77.695,186.181
13.527,128.177981,37.994917,5213.0352432,-12.862,-77.519,185.978
13.5437,128.177979,37.994912,5207.2583688,-12.667,-77.342,185.782
13.5604,128.177978,37.994907,5201.4814944,-12.478,-77.166,185.591
13.5771,128.177976,37.994902,5195.704315200001,-12.296,-76.989,185.407
13.5938,128.177975,37.994896,5189.927136,-12.12,-76.812,185.23
13.6105,128.177973,37.994891,5184.149956800001,-11.952,-76.634,185.059
13.6272,128.177971,37.994885,5178.3727776000005,-11.789,-76.456,184.894
13.6439,128.17797,37.994879,5172.5955984,-11.632,-76.278,184.734
13.6606,128.177968,37.994873,5166.818419200001,-11.479,-76.1,184.58
13.6773,128.177967,37.994866,5161.0418496,-11.332,-75.921,184.431
13.694,128.177966,37.99486,5155.26528,-11.188,-75.743,184.286
13.7107,128.177964,37.994853,5149.489015200001,-11.048,-75.564,184.145
13.7274,128.177963,37.994846,5143.713360000001,-10.91,-75.385,184.008
13.7441,128.177961,37.994839,5137.9380096,-10.776,-75.206,183.874
13.7608,128.17796,37.994832,5132.1632688,-10.644,-75.026,183.744
13.7775,128.177959,37.994825,5126.3891376,-10.514,-74.847,183.616
13.7942,128.177957,37.994818,5120.6159208,-10.387,-74.667,183.492
13.8109,128.177956,37.99481,5114.8430088000005,-10.263,-74.488,183.37
13.8276,128.177955,37.994802,5109.071316,-10.141,-74.308,183.251
13.8443,128.177954,37.994794,5103.3002328,-10.022,-74.128,183.135
13.861,128.177952,37.994786,5097.5300640000005,-9.906,-73.947,183.022
13.8777,128.177951,37.994778,5091.7611144,-9.791,-73.767,182.911
13.8944,128.17795,37.994769,5085.9930792000005,-9.679,-73.587,182.803
13.9111,128.177949,37.994761,5080.2262632,-9.57,-73.406,182.697
13.9278,128.177948,37.994752,5074.4606664,-9.462,-73.225,182.593
13.9445,128.177947,37.994743,5068.6962888,-9.357,-73.044,182.492
13.9612,128.177946,37.994734,5062.9334352,-9.253,-72.863,182.393
13.9779,128.177945,37.994724,5057.171800800001,-9.152,-72.682,182.297
13.9946,128.177944,37.994715,5051.4116904,-9.052,-72.501,182.202
14.0113,128.177943,37.994705,5045.653104,-8.955,-72.319,182.11
14.028,128.177942,37.994695,5039.896346400001,-8.859,-72.138,182.019
14.0447,128.177941,37.994685,5034.1411128,-8.765,-71.956,181.93
14.0614,128.17794,37.994675,5028.387708,-8.673,-71.774,181.844
14.0781,128.177939,37.994665,5022.6361320000005,-8.582,-71.592,181.759
14.0948,128.177938,37.994654,5016.88608,-8.493,-71.41,181.675
14.1115,128.177937,37.994644,5011.1384664,-8.405,-71.228,181.594
14.1282,128.177936,37.994633,5005.3926816,-8.319,-71.046,181.514
14.1449,128.177935,37.994622,4999.6490304,-8.235,-70.863,181.436
14.1616,128.177935,37.994611,4993.9075128,-8.152,-70.681,181.359
14.1783,128.177934,37.994599,4988.1681288,-8.07,-70.498,181.284
14.195,128.177933,37.994588,4982.4311832,-7.99,-70.315,181.21
14.2117,128.177932,37.994576,4976.6966760000005,-7.911,-70.132,181.138
14.2284,128.177932,37.994564,4970.9646072000005,-7.833,-69.949,181.067
14.2451,128.177931,37.994552,4965.2346720000005,-7.757,-69.766,180.998
14.2618,128.17793,37.99454,4959.5077848,-7.682,-69.583,180.93
14.2785,128.17793,37.994528,4953.783336,-7.608,-69.4,180.863
14.2952,128.177929,37.994515,4948.0616304000005,-7.535,-69.216,180.798
14.3119,128.177929,37.994503,4942.342668,-7.463,-69.033,180.734
14.3286,128.177928,37.99449,4936.6267536,-7.392,-68.849,180.671
14.3453,128.177928,37.994477,4930.9135824,-7.323,-68.666,180.609
14.362,128.177927,37.994464,4925.2034592,-7.254,-68.482,180.548
14.3787,128.177927,37.99445,4919.496384,-7.187,-68.298,180.489
14.3954,128.177926,37.994437,4913.792356800001,-7.121,-68.114,180.431
14.4121,128.177926,37.994423,4908.0916824000005,-7.055,-67.93,180.373
14.4288,128.177925,37.994409,4902.394056,-6.991,-67.746,180.317
14.4455,128.177925,37.994395,4896.700087200001,-6.927,-67.562,180.262
14.4622,128.177924,37.994381,4891.0091664,-6.864,-67.378,180.208
14.4789,128.177924,37.994366,4885.321903200001,-6.802,-67.194,180.155
14.4956,128.177924,37.994352,4879.6382976,-6.741,-67.01,180.102
14.5123,128.177924,37.994337,4873.9583496000005,-6.681,-66.825,180.051
14.529,128.177923,37.994322,4868.2817544,-6.622,-66.641,180.0
14.5457,128.177923,37.994307,4862.6094264,-6.564,-66.456,179.951
14.5624,128.177923,37.994292,4856.9404512,-6.506,-66.271,179.902
14.5791,128.177923,37.994277,4851.2757432,-6.449,-66.087,179.854
14.5958,128.177922,37.994261,4845.6146928,-6.393,-65.902,179.807
14.6125,128.177922,37.994245,4839.957909600001,-6.338,-65.717,179.761
14.6292,128.177922,37.994229,4834.305088800001,-6.283,-65.532,179.716
14.6459,128.177922,37.994213,4828.656535200001,-6.23,-65.347,179.671
14.6626,128.177922,37.994197,4823.012248800001,-6.176,-65.162,179.627
14.6793,128.177922,37.994181,4817.3722296000005,-6.124,-64.976,179.584
14.696,128.177922,37.994164,4811.7364776,-6.072,-64.791,179.542
14.7127,128.177922,37.994147,4806.1052976,-6.021,-64.605,179.5
14.7294,128.177922,37.99413,4800.4786896000005,-5.97,-64.42,179.459
14.7461,128.177922,37.994113,4794.8566536,-5.92,-64.234,179.419
14.7628,128.177922,37.994096,4789.2394944,-5.87,-64.049,179.379
14.7795,128.177922,37.994079,4783.6269072000005,-5.822,-63.863,179.34
14.7962,128.177922,37.994061,4778.0191968,-5.773,-63.677,179.302
14.8129,128.177922,37.994043,4772.4163632,-5.726,-63.491,179.264
14.8296,128.177922,37.994025,4766.8184064,-5.678,-63.305,179.227
14.8463,128.177922,37.994007,4761.2253264,-5.632,-63.119,179.19
14.863,128.177923,37.993989,4755.637732800001,-5.586,-62.933,179.154
14.8797,128.177923,37.993971,4750.055016,-5.54,-62.746,179.119
14.8964,128.177923,37.993952,4744.4777856,-5.495,-62.56,179.084
14.9131,128.177923,37.993933,4738.9057368,-5.45,-62.374,179.05
14.9298,128.177924,37.993914,4733.3388696,-5.406,-62.187,179.016
14.9465,128.177924,37.993895,4727.7777936,-5.363,-62.001,178.983
14.9632,128.177924,37.993876,4722.222204,-5.32,-61.814,178.951
14.9799,128.177925,37.993856,4716.6721008,-5.277,-61.627,178.919
14.9966,128.177925,37.993837,4711.1277888,-5.235,-61.44,178.887
15.0133,128.177925,37.993817,4705.5889632,-5.193,-61.253,178.856
15.03,128.177926,37.993797,4700.0562336,-5.151,-61.066,178.825
15.0467,128.177926,37.993777,4694.5292952,-5.11,-60.879,178.795
15.0634,128.177927,37.993757,4689.008148,-5.07,-60.692,178.765
15.0801,128.177927,37.993736,4683.4930968,-5.03,-60.505,178.736
15.0968,128.177928,37.993716,4677.984446400001,-4.99,-60.318,178.708
15.1135,128.177928,37.993695,4672.481587200001,-4.951,-60.13,178.679
15.1302,128.177929,37.993674,4666.9851288,-4.911,-59.943,178.651
15.1469,128.177929,37.993653,4661.4950712,-4.873,-59.755,178.624
15.1636,128.17793,37.993631,4656.011414400001,-4.834,-59.568,178.597
15.1803,128.17793,37.99361,4650.5341584,-4.796,-59.38,178.57
15.197,128.177931,37.993588,4645.0633032000005,-4.759,-59.192,178.544
15.2137,128.177932,37.993567,4639.5991536,-4.721,-59.004,178.518
15.2304,128.177932,37.993545,4634.1417096000005,-4.684,-58.816,178.493
15.2471,128.177933,37.993522,4628.690971200001,-4.647,-58.628,178.468
15.2638,128.177934,37.9935,4623.2469384000005,-4.611,-58.44,178.443
15.2805,128.177935,37.993478,4617.809916,-4.575,-58.252,178.419
15.2972,128.177935,37.993455,4612.379904,-4.539,-58.064,178.395
15.3139,128.177936,37.993432,4606.9569024,-4.504,-57.876,178.372
15.3306,128.177937,37.993409,4601.5409112,-4.469,-57.687,178.349
15.3473,128.177938,37.993386,4596.132235200001,-4.434,-57.499,178.326
15.364,128.177939,37.993363,4590.7308744,-4.4,-57.31,178.303
15.3807,128.17794,37.993339,4585.336524,-4.366,-57.122,178.281
15.3974,128.17794,37.993316,4579.949793600001,-4.332,-56.933,178.259
15.4141,128.177941,37.993292,4574.570378400001,-4.298,-56.744,178.238
15.4308,128.177942,37.993268,4569.1985832,-4.265,-56.556,178.217
15.4475,128.177943,37.993244,4563.834408,-4.232,-56.367,178.196
15.4642,128.177944,37.99322,4558.477852800001,-4.199,-56.178,178.175
15.4809,128.177945,37.993195,4553.1292224,-4.167,-55.989,178.155
15.4976,128.177946,37.993171,4547.788212,-4.134,-55.8,178.135
15.5143,128.177947,37.993146,4542.4554312,-4.102,-55.611,178.116
15.531,128.177948,37.993121,4537.1302704,-4.07,-55.421,178.097
15.5477,128.17795,37.993096,4531.8133392,-4.039,-55.232,178.078
15.5644,128.177951,37.993071,4526.5043328,-4.007,-55.043,178.059
15.5811,128.177952,37.993045,4521.203556,-3.976,-54.853,178.04
15.5978,128.177953,37.99302,4515.9110088,-3.945,-54.664,178.022
15.6145,128.177954,37.992994,4510.626996,-3.914,-54.474,178.004
15.6312,128.177955,37.992968,4505.3512128,-3.883,-54.285,177.987
15.6479,128.177957,37.992942,4500.083964,-3.853,-54.095,177.969
15.6646,128.177958,37.992916,4494.8249448,-3.823,-53.905,177.952
15.6813,128.177959,37.992889,4489.5750696000005,-3.793,-53.715,177.935
15.698,128.17796,37.992863,4484.333424,-3.763,-53.525,177.919
15.7147,128.177962,37.992836,4479.1006176,-3.734,-53.335,177.903
15.7314,128.177963,37.992809,4473.8769552,-3.704,-53.145,177.887
15.7481,128.177964,37.992782,4468.6618272000005,-3.675,-52.955,177.871
15.7648,128.177966,37.992755,4463.4558432,-3.646,-52.765,177.855
15.7815,128.177967,37.992728,4458.2586984,-3.617,-52.575,177.84
15.7982,128.177968,37.9927,4453.0710024,-3.588,-52.384,177.825
15.8149,128.17797,37.992672,4447.8921456,-3.559,-52.194,177.81
15.8316,128.177971,37.992644,4442.7227376,-3.531,-52.004,177.795
15.8483,128.177973,37.992616,4437.562778400001,-3.503,-51.813,177.781
15.865,128.177974,37.992588,4432.4119632,-3.474,-51.622,177.767
15.8817,128.177976,37.99256,4427.2705968,-3.446,-51.432,177.753
15.8984,128.177977,37.992531,4422.138984,-3.419,-51.241,177.739
15.9151,128.177979,37.992503,4417.01682,-3.391,-51.05,177.726
15.9318,128.17798,37.992474,4411.904409600001,-3.363,-50.859,177.712
15.9485,128.177982,37.992445,4406.801448,-3.336,-50.669,177.699
15.9652,128.177984,37.992416,4401.708849600001,-3.308,-50.478,177.686
15.9819,128.177985,37.992387,4396.6257000000005,-3.281,-50.287,177.674
15.9986,128.177987,37.992357,4391.552608800001,-3.254,-50.096,177.661
16.0153,128.177988,37.992328,4386.489576000001,-3.227,-49.904,177.649
16.032,128.17799,37.992298,4381.4366016,-3.2,-49.713,177.637
16.0487,128.177992,37.992268,4376.3939904,-3.173,-49.522,177.625
16.0654,128.177994,37.992238,4371.3614376,-3.146,-49.331,177.613
16.0821,128.177995,37.992208,4366.339248,-3.12,-49.139,177.602
16.0988,128.177997,37.992177,4361.3274216,-3.093,-48.948,177.591
16.1155,128.177999,37.992147,4356.3259584,-3.067,-48.756,177.58
16.1322,128.178001,37.992116,4351.3351632,-3.04,-48.565,177.569
16.1489,128.178002,37.992085,4346.355036,-3.014,-48.373,177.558
16.1656,128.178004,37.992054,4341.385272,-2.988,-48.181,177.548
16.1822,128.178006,37.992023,4336.4264808,-2.962,-47.99,177.537
16.1989,128.178008,37.991992,4331.4783576,-2.936,-47.798,177.527
16.2156,128.17801,37.99196,4326.5412072,-2.91,-47.606,177.517
16.2323,128.178012,37.991929,4321.6147248,-2.884,-47.414,177.507
16.2491,128.178014,37.991897,4316.69952,-2.858,-47.222,177.498
16.2658,128.178016,37.991865,4311.795288,-2.832,-47.03,177.488
16.2825,128.178018,37.991833,4306.9023336,-2.807,-46.838,177.479
16.2992,128.17802,37.991801,4302.0203520000005,-2.781,-46.646,177.47
16.3159,128.178022,37.991768,4297.1499528,-2.755,-46.453,177.461
16.3326,128.178024,37.991736,4292.2905264,-2.73,-46.261,177.452
16.3493,128.178026,37.991703,4287.4429872,-2.704,-46.069,177.444
16.366,128.178028,37.99167,4282.606420800001,-2.679,-45.876,177.436
16.3827,128.17803,37.991637,4277.781741600001,-2.653,-45.684,177.427
16.3994,128.178032,37.991604,4272.9686448,-2.627,-45.491,177.419
16.4161,128.178034,37.991571,4268.1671304,-2.602,-45.299,177.411
16.4328,128.178036,37.991537,4263.3775032,-2.576,-45.106,177.404
16.4495,128.178038,37.991504,4258.5997632,-2.551,-44.914,177.396
16.4662,128.17804,37.99147,4253.833605600001,-2.526,-44.721,177.389
16.4829,128.178043,37.991436,4249.07964,-2.5,-44.528,177.381
16.4996,128.178045,37.991402,4244.3375616,-2.475,-44.335,177.374
16.5163,128.178047,37.991368,4239.6076752,-2.449,-44.142,177.368
16.533,128.178049,37.991334,4234.8899808,-2.424,-43.949,177.361
16.5496,128.178051,37.991299,4230.1844784,-2.398,-43.756,177.354
16.5663,128.178054,37.991265,4225.4914728,-2.373,-43.563,177.348
16.583,128.178056,37.99123,4220.8106592,-2.347,-43.37,177.341
16.5997,128.178058,37.991195,4216.1420376,-2.322,-43.177,177.335
16.6164,128.17806,37.99116,4211.4862176,-2.296,-42.984,177.329
16.6332,128.178063,37.991125,4206.8428944,-2.271,-42.791,177.323
16.6499,128.178065,37.991089,4202.212372800001,-2.245,-42.597,177.318
16.6666,128.178067,37.991054,4197.5943480000005,-2.219,-42.404,177.312
16.6833,128.17807,37.991018,4192.9891248,-2.193,-42.211,177.307
16.7,128.178072,37.990982,4188.3967032,-2.168,-42.017,177.302
16.7167,128.178075,37.990946,4183.8170832,-2.142,-41.824,177.297
16.7334,128.178077,37.99091,4179.2505696,-2.116,-41.63,177.292
16.7501,128.178079,37.990874,4174.696857600001,-2.09,-41.436,177.287
16.7668,128.178082,37.990838,4170.1565568000005,-2.063,-41.243,177.282
16.7835,128.178084,37.990801,4165.6290576,-2.037,-41.049,177.278
16.8002,128.178087,37.990764,4161.1149696,-2.011,-40.855,177.274
16.8169,128.178089,37.990728,4156.6142928,-1.985,-40.662,177.27
16.8336,128.178092,37.990691,4152.1267224,-1.958,-40.468,177.266
16.8503,128.178094,37.990654,4147.652868,-1.932,-40.274,177.262
16.867,128.178097,37.990616,4143.19212,-1.905,-40.08,177.258
16.8837,128.178099,37.990579,4138.745088,-1.878,-39.886,177.255
16.9004,128.178102,37.990542,4134.311772,-1.851,-39.692,177.251
16.917,128.178105,37.990504,4129.8918672,-1.824,-39.498,177.248
16.9337,128.178107,37.990466,4125.4859832,-1.797,-39.304,177.245
16.9504,128.17811,37.990428,4121.0938152,-1.77,-39.109,177.242
16.9671,128.178112,37.99039,4116.7153632,-1.742,-38.915,177.239
16.9838,128.178115,37.990352,4112.350932,-1.714,-38.721,177.237
17.0006,128.178118,37.990314,4108.0005216,-1.687,-38.527,177.234
17.0173,128.17812,37.990275,4103.664132,-1.658,-38.332,177.232
17.034,128.178123,37.990237,4099.3417632,-1.63,-38.138,177.23
17.0507,128.178126,37.990198,4095.0334152,-1.602,-37.944,177.228
17.0674,128.178128,37.990159,4090.7396976,-1.573,-37.749,177.226
17.0841,128.178131,37.99012,4086.4600008,-1.544,-37.555,177.224
17.1008,128.178134,37.990081,4082.1946296,-1.515,-37.36,177.223
17.1175,128.178136,37.990042,4077.9438888000004,-1.485,-37.165,177.221
17.1342,128.178139,37.990002,4073.7074736000004,-1.456,-36.971,177.22
17.1509,128.178142,37.989963,4069.485384,-1.426,-36.776,177.219
17.1676,128.178145,37.989923,4065.2782296,-1.396,-36.582,177.218
17.1843,128.178148,37.989883,4061.0854008000006,-1.365,-36.387,177.217
17.201,128.17815,37.989843,4056.9075072000005,-1.334,-36.192,177.217
17.2177,128.178153,37.989803,4052.7445488000003,-1.303,-35.997,177.216
17.2344,128.178156,37.989763,4048.5962208,-1.271,-35.802,177.216
17.2511,128.178159,37.989723,4044.462828,-1.239,-35.607,177.216
17.2678,128.178162,37.989682,4040.3443704,-1.207,-35.413,177.216
17.2845,128.178164,37.989642,4036.2408480000004,-1.174,-35.218,177.217
17.3011,128.178167,37.989601,4032.1525656000003,-1.141,-35.023,177.217
17.3178,128.17817,37.98956,4028.0792184,-1.107,-34.828,177.218
17.3345,128.178173,37.989519,4024.0211112,-1.073,-34.633,177.219
17.3512,128.178176,37.989478,4019.9782440000004,-1.038,-34.437,177.22
17.368,128.178179,37.989437,4015.9506168000003,-1.003,-34.242,177.221
17.3847,128.178182,37.989395,4011.9385344,-0.968,-34.047,177.222
17.4014,128.178185,37.989354,4007.9416920000003,-0.931,-33.852,177.224
17.4181,128.178188,37.989312,4003.9603944,-0.894,-33.657,177.226
17.4348,128.17819,37.989271,3999.9946416000003,-0.857,-33.462,177.228
17.4515,128.178193,37.989229,3996.0444336,-0.819,-33.266,177.23
17.4682,128.178196,37.989187,3992.1100752,-0.78,-33.071,177.232
17.4849,128.178199,37.989145,3988.1909568,-0.74,-32.876,177.235
17.5016,128.178202,37.989102,3984.2879928,-0.7,-32.68,177.238
17.5183,128.178205,37.98906,3980.4005736000004,-0.659,-32.485,177.241
17.535,128.178208,37.989018,3976.529004,-0.617,-32.29,177.244
17.5517,128.178211,37.988975,3972.6735888000003,-0.574,-32.094,177.248
17.5684,128.178214,37.988932,3968.8340232000005,-0.531,-31.899,177.251
17.5851,128.178217,37.988889,3965.0103072,-0.486,-31.703,177.255
17.6018,128.17822,37.988846,3961.2027456,-0.44,-31.508,177.26
17.6185,128.178223,37.988803,3957.4113384,-0.393,-31.312,177.264
17.6352,128.178226,37.98876,3953.6360856,-0.345,-31.117,177.269
17.6519,128.178229,37.988717,3949.8769872000003,-0.295,-30.921,177.274
17.6685,128.178232,37.988674,3946.134348,-0.244,-30.726,177.279
17.6852,128.178235,37.98863,3942.4078632,-0.191,-30.53,177.285
17.7019,128.178238,37.988586,3938.6975328000003,-0.136,-30.335,177.29
17.7186,128.178242,37.988543,3935.0039664000005,-0.079,-30.139,177.296
17.7353,128.178245,37.988499,3931.3265544,-0.021,-29.944,177.302
17.7521,128.178248,37.988455,3927.6656016,0.039,-29.754,177.309
17.7688,128.178251,37.988411,3924.0208032000005,0.103,-29.578,177.315
17.7855,128.178254,37.988366,3920.3921592,0.168,-29.42,177.322
17.8022,128.178257,37.988322,3916.7793647999997,0.237,-29.28,177.329
17.8189,128.17826,37.988277,3913.1827248,0.309,-29.155,177.336
17.8356,128.178263,37.988233,3909.6016296000003,0.384,-29.04,177.344
17.8523,128.178266,37.988188,3906.036384,0.462,-28.931,177.351
17.869,128.178269,37.988143,3902.4866832,0.541,-28.827,177.359
17.8857,128.178272,37.988099,3898.9522224,0.623,-28.726,177.367
17.9024,128.178275,37.988054,3895.4333064,0.707,-28.629,177.374
17.9191,128.178278,37.988009,3891.9293256000005,0.791,-28.535,177.382
17.9358,128.178282,37.987963,3888.4402800000003,0.876,-28.443,177.39
17.9525,128.178285,37.987918,3884.9658648,0.96,-28.354,177.398
17.9692,128.178288,37.987873,3881.5063848000004,1.044,-28.268,177.406
17.9859,128.178291,37.987827,3878.0609256000002,1.129,-28.184,177.415
18.0026,128.178294,37.987782,3874.6300968,1.213,-28.101,177.423
18.0193,128.178297,37.987736,3871.2132888,1.296,-28.02,177.432
18.0359,128.1783,37.98769,3867.8101968,1.378,-27.941,177.44
18.0526,128.178303,37.987644,3864.4211256000003,1.46,-27.863,177.449
18.0693,128.178306,37.987598,3861.0454656,1.541,-27.787,177.458
18.086,128.178309,37.987552,3857.6832168000005,1.62,-27.712,177.467
18.1027,128.178312,37.987506,3854.3343792,1.698,-27.639,177.476
18.1195,128.178316,37.98746,3850.9986480000002,1.775,-27.566,177.485
18.1362,128.178319,37.987414,3847.6757184000003,1.85,-27.495,177.493
18.1529,128.178322,37.987367,3844.3655904,1.924,-27.425,177.503
18.1696,128.178325,37.987321,3841.0679592,1.997,-27.357,177.512
18.1863,128.178328,37.987274,3837.7828248,2.067,-27.289,177.521
18.203,128.178331,37.987228,3834.5098824,2.137,-27.223,177.53
18.2197,128.178334,37.987181,3831.2488272,2.206,-27.158,177.54
18.2364,128.178337,37.987134,3827.999964,2.273,-27.095,177.549
18.2531,128.17834,37.987087,3824.7626832,2.339,-27.032,177.558
18.2698,128.178343,37.98704,3821.5369848000005,2.402,-26.97,177.566
18.2865,128.178346,37.986993,3818.3228688000004,2.464,-26.909,177.574
18.3032,128.178349,37.986946,3815.1200304000004,2.524,-26.849,177.581
18.3199,128.178352,37.986899,3811.9284696,2.582,-26.791,177.589
18.3366,128.178355,37.986852,3808.7478816000003,2.638,-26.734,177.596
18.3533,128.178358,37.986804,3805.5779616000004,2.692,-26.677,177.603
18.37,128.178361,37.986757,3802.4190144000004,2.744,-26.622,177.609
18.3867,128.178364,37.986709,3799.2704304000004,2.797,-26.568,177.615
18.4033,128.178367,37.986662,3796.1322096000004,2.848,-26.515,177.622
18.42,128.17837,37.986614,3793.004352,2.899,-26.464,177.628
18.4367,128.178373,37.986567,3789.8865528,2.95,-26.413,177.634
18.4534,128.178376,37.986519,3786.7785072,3.0,-26.363,177.639
18.4701,128.178379,37.986471,3783.68052,3.051,-26.315,177.645
18.4869,128.178382,37.986423,3780.5919816,3.102,-26.267,177.651
18.5036,128.178385,37.986375,3777.5128920000006,3.154,-26.221,177.656
18.5203,128.178388,37.986327,3774.443556,3.206,-26.176,177.661
18.537,128.178391,37.986279,3771.3833640000003,3.256,-26.131,177.666
18.5537,128.178394,37.986231,3768.3320112,3.306,-26.087,177.671
18.5704,128.178397,37.986183,3765.2901072000004,3.356,-26.044,177.675
18.5871,128.1784,37.986135,3762.2567375999997,3.404,-26.003,177.68
18.6038,128.178402,37.986086,3759.2322072,3.45,-25.962,177.685
18.6205,128.178405,37.986038,3756.2165160000004,3.494,-25.921,177.689
18.6372,128.178408,37.985989,3753.2087496,3.54,-25.882,177.693
18.6539,128.178411,37.985941,3750.2086032,3.585,-25.873,177.695
18.6706,128.178414,37.985892,3747.215772,3.632,-25.897,177.696
18.6873,128.178417,37.985844,3744.2305608,3.678,-25.938,177.694
18.704,128.17842,37.985795,3741.2529696,3.724,-25.976,177.693
18.7207,128.178423,37.985746,3738.2826936,3.768,-25.997,177.692
18.7374,128.178425,37.985698,3735.3191232000004,3.808,-26.0,177.694
18.7541,128.178428,37.985649,3732.362868,3.845,-25.989,177.695
18.7708,128.178431,37.9856,3729.4130136000003,3.877,-25.97,177.697
18.7874,128.178434,37.985551,3726.4701696,3.904,-25.948,177.699
18.8041,128.178437,37.985502,3723.5334216,3.927,-25.926,177.701
18.8208,128.17844,37.985453,3720.6027696,3.948,-25.905,177.704
18.8375,128.178442,37.985404,3717.6782136,3.968,-25.885,177.707
18.8542,128.178445,37.985355,3714.7597536,3.987,-25.864,177.71
18.871,128.178448,37.985306,3711.8470848,4.007,-25.842,177.713
18.8877,128.178451,37.985256,3708.9392928,4.027,-25.848,177.713
18.9044,128.178454,37.985207,3706.035768,4.049,-25.894,177.71
18.9211,128.178456,37.985158,3703.1377296,4.072,-25.963,177.706
18.9378,128.178459,37.985109,3700.2442632,4.094,-26.03,177.702
18.9545,128.178462,37.985059,3697.3559784000004,4.114,-26.078,177.699
18.9712,128.178465,37.98501,3694.471656,4.131,-26.103,177.697
18.9879,128.178468,37.98496,3691.5922104,4.144,-26.11,177.696
19.0046,128.17847,37.984911,3688.7164224000003,4.155,-26.107,177.697
19.0213,128.178473,37.984861,3685.8445968,4.163,-26.101,177.698
19.038,128.178476,37.984812,3682.9767336,4.169,-26.094,177.7
19.0547,128.178479,37.984762,3680.1125280000006,4.175,-26.087,177.701
19.0714,128.178481,37.984713,3677.2519800000005,4.18,-26.08,177.702
19.0881,128.178484,37.984663,3674.3950896000006,4.186,-26.072,177.704
19.1048,128.178487,37.984613,3671.541552,4.192,-26.062,177.705
19.1215,128.178489,37.984564,3668.691672,4.198,-26.05,177.707
19.1382,128.178492,37.984514,3665.8448399999997,4.203,-26.038,177.709
19.1548,128.178495,37.984464,3663.0013608,4.207,-26.024,177.71
19.1715,128.178498,37.984414,3660.1612344000005,4.211,-26.01,177.712
19.1882,128.1785,37.984364,3657.324156,4.215,-25.997,177.713
19.2049,128.178503,37.984314,3654.4898208000004,4.218,-25.984,177.715
19.2216,128.178506,37.984264,3651.6588384,4.221,-25.971,177.717
19.2384,128.178508,37.984214,3648.8305992,4.225,-25.957,177.719
19.2551,128.178511,37.984164,3646.005408,4.228,-25.944,177.721
19.2718,128.178514,37.984114,3643.1829600000005,4.232,-25.931,177.722
19.2885,128.178516,37.984064,3640.3632552000004,4.236,-25.918,177.724
19.3052,128.178519,37.984014,3637.5462936000004,4.239,-25.905,177.726
19.3219,128.178522,37.983964,3634.7317704,4.242,-25.893,177.728
19.3386,128.178524,37.983914,3631.9199904,4.246,-25.88,177.729
19.3553,128.178527,37.983864,3629.1109536,4.248,-25.867,177.73
19.372,128.17853,37.983813,3626.3040504000005,4.251,-25.855,177.731
19.3887,128.178532,37.983763,3623.4995856,4.253,-25.843,177.733
19.4054,128.178535,37.983713,3620.6975592000003,4.255,-25.832,177.735
19.4221,128.178538,37.983663,3617.8979712000005,4.257,-25.82,177.737
19.4388,128.17854,37.983612,3615.1005168000006,4.26,-25.809,177.738
19.4555,128.178543,37.983562,3612.3055008000006,4.262,-25.797,177.739
19.4722,128.178546,37.983511,3609.5123136,4.264,-25.786,177.74
19.4889,128.178548,37.983461,3606.7215648,4.266,-25.775,177.741
19.5056,128.178551,37.98341,3603.9326448,4.268,-25.765,177.743
19.5222,128.178553,37.98336,3601.1458584,4.269,-25.755,177.745
19.5389,128.178556,37.983309,3598.3612056000006,4.271,-25.744,177.746
19.5556,128.178559,37.983259,3595.5780768,4.274,-25.734,177.747
19.5723,128.178561,37.983208,3592.7970816,4.276,-25.725,177.748
19.589,128.178564,37.983158,3590.0179152,4.279,-25.715,177.75
19.6058,128.178566,37.983107,3587.2405776,4.281,-25.706,177.751
19.6225,128.178569,37.983056,3584.4650688,4.284,-25.696,177.752
19.6392,128.178572,37.983006,3581.691084,4.286,-25.687,177.753
19.6559,128.178574,37.982955,3578.9189280000005,4.288,-25.677,177.754
19.6726,128.178577,37.982904,3576.1482960000003,4.289,-25.669,177.756
19.6893,128.178579,37.982853,3573.3794928,4.291,-25.66,177.757
19.706,128.178582,37.982802,3570.6119088,4.293,-25.652,177.759
19.7227,128.178585,37.982752,3567.8461536,4.295,-25.643,177.759
19.7394,128.178587,37.982701,3565.0816176,4.297,-25.635,177.76
19.7561,128.17859,37.98265,3562.3186056000004,4.299,-25.626,177.761
19.7728,128.178592,37.982599,3559.5571176,4.3,-25.618,177.762
19.7895,128.178595,37.982548,3556.7968488000006,4.301,-25.611,177.764
19.8062,128.178597,37.982497,3554.038104,4.302,-25.603,177.765
19.8229,128.1786,37.982446,3551.2805784000006,4.303,-25.595,177.766
19.8396,128.178603,37.982395,3548.524272,4.305,-25.588,177.766
19.8563,128.178605,37.982344,3545.7691848000004,4.307,-25.58,177.767
19.873,128.178608,37.982293,3543.0153168000006,4.308,-25.573,177.768
19.8896,128.17861,37.982242,3540.2623632,4.308,-25.566,177.769
19.9063,128.178613,37.98219,3537.5109336,4.309,-25.56,177.771
19.923,128.178615,37.982139,3534.7604184,4.311,-25.553,177.771
19.9397,128.178618,37.982088,3532.0108176,4.312,-25.546,177.772
19.9564,128.17862,37.982037,3529.262436,4.313,-25.539,177.773
19.9731,128.178623,37.981986,3526.5149688,4.314,-25.533,177.774
19.9899,128.178625,37.981934,3523.7687208,4.315,-25.527,177.775
20.0066,128.178628,37.981883,3521.0230824000005,4.316,-25.52,177.776
20.0233,128.17863,37.981832,3518.2783584,4.317,-25.514,177.777
20.04,128.178633,37.98178,3515.5348536,4.319,-25.508,177.777
20.0567,128.178636,37.981729,3512.7919584,4.32,-25.502,177.778
20.0734,128.178638,37.981677,3510.0499776,4.321,-25.496,177.779
20.0901,128.178641,37.981626,3507.3086064,4.321,-25.491,177.78
20.1068,128.178643,37.981575,3504.5681496,4.322,-25.486,177.781
20.1235,128.178646,37.981523,3501.8283024,4.323,-25.481,177.781
20.1402,128.178648,37.981472,3499.0893696,4.325,-25.475,177.781
20.1569,128.178651,37.98142,3496.3510464000005,4.326,-25.47,177.782
20.1736,128.178653,37.981369,3493.6133328000005,4.327,-25.465,177.783
20.1903,128.178656,37.981317,3490.8762288,4.327,-25.461,177.784
20.207,128.178658,37.981265,3488.1397344,4.328,-25.456,177.785
20.2237,128.178661,37.981214,3485.4041544,4.33,-25.452,177.786
20.2404,128.178663,37.981162,3482.6685744,4.331,-25.447,177.786
20.2571,128.178666,37.981111,3479.9339088,4.333,-25.443,177.786
20.2737,128.178668,37.981059,3477.199548,4.334,-25.438,177.787
20.2904,128.178671,37.981007,3474.4657968,4.335,-25.434,177.788
20.3071,128.178673,37.980955,3471.7326552000004,4.335,-25.43,177.789
20.3238,128.178676,37.980904,3468.9998184,4.337,-25.426,177.789
20.3405,128.178678,37.980852,3466.2672864,4.339,-25.422,177.79
20.3573,128.17868,37.9808,3463.5353640000003,4.341,-25.418,177.79
20.374,128.178683,37.980748,3460.8037464000004,4.342,-25.414,177.791
20.3907,128.178685,37.980696,3458.0724336,4.342,-25.411,177.792
20.4074,128.178688,37.980645,3455.3414256,4.343,-25.407,177.793
20.4241,128.17869,37.980593,3452.6107224,4.345,-25.403,177.793
20.4408,128.178693,37.980541,3449.8803239999997,4.347,-25.4,177.793
20.4575,128.178695,37.980489,3447.1505352000004,4.349,-25.396,177.793
20.4742,128.178698,37.980437,3444.4207464000006,4.35,-25.393,177.793
20.4909,128.1787,37.980385,3441.6909576000003,4.35,-25.39,177.794
20.5076,128.178703,37.980333,3438.9617784000006,4.35,-25.386,177.795
20.5243,128.178705,37.980281,3436.2325992,4.351,-25.383,177.796
20.541,128.178708,37.980229,3433.5037248000003,4.352,-25.38,177.797
20.5577,128.17871,37.980177,3430.7748504,4.354,-25.377,177.796
20.5744,128.178713,37.980125,3428.0462807999997,4.356,-25.375,177.797
20.5911,128.178715,37.980073,3425.3177112000003,4.357,-25.372,177.797
20.6078,128.178717,37.980021,3422.5894464000003,4.357,-25.369,177.798
20.6245,128.17872,37.979968,3419.8611816000002,4.358,-25.366,177.799
20.6411,128.178722,37.979916,3417.1329168,4.359,-25.363,177.799
20.6578,128.178725,37.979864,3414.4049568,4.36,-25.361,177.799
20.6745,128.178727,37.979812,3411.6769968,4.361,-25.358,177.799
20.6912,128.17873,37.97976,3408.9490368,4.361,-25.355,177.8
20.7079,128.178732,37.979707,3406.2210768,4.361,-25.353,177.801
20.7247,128.178735,37.979655,3403.4931168000003,4.362,-25.35,177.801
20.7414,128.178737,37.979603,3400.7651568,4.363,-25.348,177.802
20.7581,128.178739,37.979551,3398.0371968,4.363,-25.346,177.801
20.7748,128.178742,37.979498,3395.3092368000002,4.363,-25.344,177.801
20.7915,128.178744,37.979446,3392.5812768,4.362,-25.341,177.802
20.8082,128.178747,37.979394,3389.8530120000005,4.362,-25.339,177.803
20.8249,128.178749,37.979341,3387.1250520000003,4.361,-25.337,177.804
20.8416,128.178752,37.979289,3384.3967872000003,4.362,-25.335,177.804
20.8583,128.178754,37.979236,3381.6685224000003,4.361,-25.333,177.804
20.875,128.178756,37.979184,3378.9405624000005,4.357,-25.331,177.803
20.8917,128.178759,37.979131,3376.2119928,4.352,-25.329,177.802
20.9084,128.178761,37.979079,3373.4834232000003,4.347,-25.327,177.804
20.9251,128.178764,37.979026,3370.7545488000005,4.342,-25.325,177.805
20.9418,128.178766,37.978974,3368.0256744,4.339,-25.323,177.806
20.9585,128.178769,37.978921,3365.2968,4.337,-25.322,177.806
20.9752,128.178771,37.978869,3362.5679256000003,4.333,-25.32,177.805
20.9919,128.178773,37.978816,3359.8384416000004,4.33,-25.318,177.804
21.0085,128.178776,37.978764,3357.1086528,4.325,-25.317,177.805
21.0252,128.178778,37.978711,3354.3791688,4.319,-25.315,177.806
21.0419,128.178781,37.978659,3351.6490752000004,4.314,-25.313,177.808
21.0586,128.178783,37.978606,3348.9189816000003,4.31,-25.311,177.808
21.0753,128.178785,37.978553,3346.188888,4.304,-25.31,177.807
21.092,128.178788,37.978501,3343.4581848000003,4.298,-25.308,177.806
21.1088,128.17879,37.978448,3340.7271768,4.291,-25.307,177.807
21.1255,128.178793,37.978395,3337.9961688000003,4.284,-25.305,177.808
21.1422,128.178795,37.978342,3335.264856,4.277,-25.304,177.809
21.1589,128.178797,37.97829,3332.5332384000003,4.269,-25.302,177.809
21.1756,128.1788,37.978237,3329.8016208000004,4.259,-25.301,177.808
21.1923,128.178802,37.978184,3327.0693936000002,4.249,-25.3,177.807
21.209,128.178805,37.978131,3324.3368616000002,4.239,-25.298,177.808
21.2257,128.178807,37.978078,3321.6043296000003,4.229,-25.297,177.81
21.2424,128.178809,37.978026,3318.871188,4.22,-25.295,177.811
21.2591,128.178812,37.977973,3316.1380464000003,4.211,-25.294,177.811
21.2758,128.178814,37.97792,3313.4046000000003,4.197,-25.293,177.809
21.2925,128.178817,37.977867,3310.6714584,4.173,-25.292,177.807
21.3092,128.178819,37.977814,3307.9374024000003,4.149,-25.291,177.806
21.3259,128.178821,37.977761,3305.2027368000004,4.124,-25.29,177.808
21.3426,128.178824,37.977708,3302.4677664,4.103,-25.289,177.811
21.3593,128.178826,37.977655,3299.7324912000004,4.089,-25.287,177.814
21.3759,128.178829,37.977602,3296.9969112000003,4.077,-25.286,177.814
21.3926,128.178831,37.977549,3294.261636,4.059,-25.284,177.81
21.4093,128.178833,37.977496,3291.5254464000004,4.038,-25.283,177.807
21.426,128.178836,37.977443,3288.7892568,4.01,-25.282,177.807
21.4427,128.178838,37.97739,3286.0521528000004,3.979,-25.282,177.809
21.4594,128.17884,37.977337,3283.3147440000002,3.951,-25.281,177.812
21.4762,128.178843,37.977284,3280.5770304000002,3.928,-25.28,177.814
21.4929,128.178845,37.977231,3277.8393168000002,3.905,-25.279,177.813
21.5096,128.178848,37.977178,3275.1022128,3.871,-25.277,177.809
21.5263,128.17885,37.977124,3272.3632800000005,3.833,-25.276,177.806
21.543,128.178852,37.977071,3269.624652,3.79,-25.275,177.806
21.5597,128.178855,37.977018,3266.8851096000003,3.747,-25.275,177.809
21.5764,128.178857,37.976965,3264.1449576000005,3.71,-25.274,177.813
21.5931,128.17886,37.976912,3261.4048056000006,3.681,-25.274,177.815
21.6098,128.178862,37.976858,3258.6646536,3.65,-25.272,177.813
21.6265,128.178864,37.976805,3255.9232824000005,3.622,-25.271,177.81
21.6432,128.178867,37.976752,3253.182216,3.585,-25.27,177.808
21.6599,128.178869,37.976699,3250.4408448,3.536,-25.269,177.808
21.6766,128.178871,37.976645,3247.6988640000004,3.483,-25.268,177.809
21.6933,128.178874,37.976592,3244.9565784000006,3.429,-25.268,177.811
21.71,128.178876,37.976539,3242.213988,3.375,-25.267,177.811
21.7267,128.178879,37.976485,3239.4713976000003,3.313,-25.266,177.809
21.7434,128.178881,37.976432,3236.7272832,3.258,-25.265,177.808
21.76,128.178883,37.976379,3233.9834736000003,3.204,-25.264,177.809
21.7767,128.178886,37.976325,3231.2387496,3.15,-25.263,177.811
21.7934,128.178888,37.976272,3228.4937208,3.097,-25.262,177.813
21.8101,128.178891,37.976218,3225.7489968,3.037,-25.261,177.811
21.8268,128.178893,37.976165,3223.0048824000005,2.959,-25.26,177.806
21.8436,128.178895,37.976111,3220.2589392000004,2.879,-25.259,177.803
21.8603,128.178898,37.976058,3217.5126912,2.797,-25.259,177.804
21.877,128.1789,37.976004,3214.7652239999998,2.722,-25.259,177.81
21.8937,128.178902,37.975951,3212.0171472,2.663,-25.258,177.816
21.9104,128.178905,37.975897,3209.2687656000003,2.617,-25.258,177.819
21.9271,128.178907,37.975844,3206.5222128,2.556,-25.256,177.814
21.9438,128.17891,37.97579,3203.774136,2.481,-25.254,177.805
21.9605,128.178912,37.975737,3201.0275831999998,2.371,-25.252,177.797
21.9772,128.178914,37.975683,3198.2798112,2.234,-25.251,177.795
21.9939,128.178917,37.975629,3195.5302103999998,2.099,-25.252,177.8
22.0106,128.178919,37.975576,3192.7787808,1.995,-25.252,177.812
22.0273,128.178921,37.975522,3190.0261320000004,1.939,-25.253,177.824
22.044,128.178924,37.975468,3187.272264,1.93,-25.253,177.831
22.0607,128.178926,37.975415,3184.5180912,1.953,-25.251,177.83
22.0774,128.178929,37.975361,3181.7633088000002,1.99,-25.249,177.825
22.0941,128.178931,37.975307,3179.0082216,2.021,-25.248,177.818
22.1108,128.178933,37.975254,3176.2525248,2.037,-25.248,177.815
22.1274,128.178936,37.9752,3173.4965232000004,2.038,-25.248,177.816
22.1441,128.178938,37.975146,3170.7399120000005,2.035,-25.248,177.819
22.1608,128.178941,37.975092,3167.9823864,2.034,-25.248,177.822
22.1775,128.178943,37.975038,3165.2242512,2.04,-25.247,177.823
22.1942,128.178945,37.974985,3162.4655064,2.051,-25.247,177.822
22.2109,128.178948,37.974931,3159.7064568,2.064,-25.246,177.82
22.2277,128.17895,37.974877,3156.9464928,2.075,-25.245,177.819
22.2444,128.178953,37.974823,3154.186224,2.083,-25.244,177.818
22.2611,128.178955,37.974769,3151.4250408000003,2.088,-25.243,177.819
22.2778,128.178957,37.974715,3148.6635528,2.093,-25.243,177.82
22.2945,128.17896,37.974661,3145.9011504000005,2.098,-25.242,177.821
22.3112,128.178962,37.974607,3143.1384432,2.107,-25.241,177.821
22.3279,128.178965,37.974554,3140.3748216,2.117,-25.24,177.82
22.3446,128.178967,37.9745,3137.6108952,2.127,-25.239,177.819
22.3613,128.178969,37.974446,3134.8460544,2.136,-25.238,177.818
22.378,128.178972,37.974392,3132.0809088,2.143,-25.237,177.818
22.3947,128.178974,37.974338,3129.3151536,2.149,-25.236,177.819
22.4114,128.178977,37.974284,3126.548484,2.154,-25.235,177.82
22.4281,128.178979,37.97423,3123.7815096000004,2.162,-25.234,177.82
22.4448,128.178981,37.974176,3121.0139256,2.171,-25.233,177.819
22.4615,128.178984,37.974121,3118.2454272,2.181,-25.232,177.819
22.4782,128.178986,37.974067,3115.476624,2.19,-25.231,177.818
22.4948,128.178989,37.974013,3112.7072112,2.197,-25.23,177.818
22.5115,128.178991,37.973959,3109.9371888,2.203,-25.228,177.819
22.5282,128.178993,37.973905,3107.1665568000003,2.21,-25.227,177.819
22.5449,128.178996,37.973851,3104.3953152,2.218,-25.226,177.819
22.5616,128.178998,37.973797,3101.6231592000004,2.228,-25.225,177.818
22.5783,128.179001,37.973743,3098.8506984000005,2.238,-25.224,177.818
22.5951,128.179003,37.973688,3096.0779328000003,2.246,-25.222,177.817
22.6118,128.179005,37.973634,3093.3042528,2.253,-25.221,177.818
22.6285,128.179008,37.97358,3090.5299632,2.259,-25.22,177.818
22.6452,128.17901,37.973526,3087.7550640000004,2.267,-25.218,177.818
22.6619,128.179013,37.973471,3084.9795552000005,2.276,-25.217,177.818
22.6786,128.179015,37.973417,3082.2034368000004,2.286,-25.216,177.817
22.6953,128.179017,37.973363,3079.4270136,2.295,-25.214,177.817
22.712,128.17902,37.973308,3076.6499808,2.303,-25.213,177.817
22.7287,128.179022,37.973254,3073.8720336,2.31,-25.212,177.818
22.7454,128.179025,37.9732,3071.0937816,2.317,-25.21,177.818
22.7621,128.179027,37.973145,3068.3146152,2.326,-25.209,177.818
22.7788,128.17903,37.973091,3065.5351440000004,2.336,-25.207,177.817
22.7955,128.179032,37.973037,3062.7550632,2.346,-25.206,177.817
22.8122,128.179034,37.972982,3059.9743728000003,2.354,-25.204,177.817
22.8289,128.179037,37.972928,3057.1930728,2.361,-25.203,177.817
22.8456,128.179039,37.972873,3054.4114680000002,2.369,-25.202,177.818
22.8623,128.179042,37.972819,3051.6289488,2.378,-25.2,177.818
22.8789,128.179044,37.972765,3048.84582,2.388,-25.199,177.817
22.8956,128.179046,37.97271,3046.0623864000004,2.399,-25.197,177.816
22.9123,128.179049,37.972656,3043.2783432,2.408,-25.196,177.816
22.929,128.179051,37.972601,3040.4936904,2.415,-25.194,177.816
22.9457,128.179054,37.972547,3037.7084280000004,2.423,-25.192,177.817
22.9625,128.179056,37.972492,3034.922556,2.431,-25.191,177.817
22.9792,128.179059,37.972437,3032.1360744,2.441,-25.189,177.817
22.9959,128.179061,37.972383,3029.3489832,2.452,-25.188,177.816
23.0126,128.179063,37.972328,3026.5615872000003,2.462,-25.186,177.816
23.0293,128.179066,37.972274,3023.7735816,2.47,-25.185,177.816
23.046,128.179068,37.972219,3020.9849664000003,2.478,-25.183,177.817
23.0627,128.179071,37.972164,3018.1957416000005,2.487,-25.181,177.817
23.0794,128.179073,37.97211,3015.4059072000005,2.497,-25.18,177.817
23.0961,128.179076,37.972055,3012.6154632000002,2.508,-25.178,177.816
23.1128,128.179078,37.972,3009.8247144,2.518,-25.177,177.816
23.1295,128.17908,37.971946,3007.033356,2.527,-25.175,177.816
23.1462,128.179083,37.971891,3004.241388,2.535,-25.173,177.816
23.1629,128.179085,37.971836,3001.4488103999997,2.544,-25.172,177.817
23.1796,128.179088,37.971781,2998.6556232000003,2.554,-25.17,177.816
23.1963,128.17909,37.971727,2995.8618264,2.565,-25.168,177.816
23.213,128.179093,37.971672,2993.0677248,2.576,-25.166,177.816
23.2297,128.179095,37.971617,2990.2730136,2.585,-25.165,177.816
23.2463,128.179097,37.971562,2987.4779976,2.593,-25.163,177.816
23.263,128.1791,37.971508,2984.6820672,2.602,-25.161,177.817
23.2797,128.179102,37.971453,2981.8858320000004,2.613,-25.16,177.816
23.2964,128.179105,37.971398,2979.0886824000004,2.625,-25.158,177.816
23.3131,128.179107,37.971343,2976.2912280000005,2.637,-25.156,177.815
23.3298,128.17911,37.971288,2973.4934688000003,2.647,-25.154,177.815
23.3466,128.179112,37.971233,2970.6951000000004,2.656,-25.152,177.816
23.3633,128.179115,37.971178,2967.8958168000004,2.665,-25.151,177.816
23.38,128.179117,37.971123,2965.0965336,2.674,-25.149,177.816
23.3967,128.179119,37.971068,2962.296336,2.686,-25.147,177.816
23.4134,128.179122,37.971013,2959.4955288,2.699,-25.145,177.815
23.4301,128.179124,37.970958,2956.6944168000005,2.71,-25.143,177.815
23.4468,128.179127,37.970903,2953.893,2.72,-25.142,177.815
23.4635,128.179129,37.970848,2951.0906688000005,2.729,-25.14,177.816
23.4802,128.179132,37.970793,2948.2880328000006,2.739,-25.138,177.816
23.4969,128.179134,37.970738,2945.4847872000005,2.75,-25.136,177.816
23.5136,128.179136,37.970683,2942.680932,2.763,-25.134,177.815
23.5303,128.179139,37.970628,2939.876772,2.775,-25.132,177.815
23.547,128.179141,37.970573,2937.0720024,2.785,-25.13,177.815
23.5637,128.179144,37.970518,2934.2666232,2.794,-25.128,177.816
